run_id,seed,method,n_features,accuracy,precision,recall,f1,roc_auc,training_time
0,42,baseline,36,0.880225988700565,0.8813559322033898,0.9517470881863561,0.9152,0.9176548475545453,0.04620814323425293
0,42,variance_threshold,36,0.880225988700565,0.8813559322033898,0.9517470881863561,0.9152,0.9176548475545453,0.046582937240600586
0,42,chi2,10,0.848587570621469,0.8575803981623277,0.9317803660565723,0.8931419457735247,0.8993227250357385,0.0036606788635253906
0,42,mutual_info,10,0.8655367231638418,0.8742236024844721,0.9367720465890182,0.9044176706827309,0.9051697874434629,0.006247758865356445
0,42,rfe,10,0.8711864406779661,0.8786936236391913,0.940099833610649,0.9083601286173634,0.9086147500644466,0.003722667694091797
0,42,rfecv,29,0.880225988700565,0.8837209302325582,0.9484193011647255,0.9149277688603531,0.9185395233296618,0.008661985397338867
0,42,l1,26,0.8824858757062147,0.884080370942813,0.9517470881863561,0.9166666666666666,0.9173033207564857,0.0068280696868896484
0,42,rf_topk,10,0.8519774011299435,0.8476331360946746,0.9534109816971714,0.8974158183241974,0.8993988891753181,0.004464864730834961
0,42,rf_median,18,0.8723163841807909,0.8719512195121951,0.9517470881863561,0.9101034208432777,0.9103489489348738,0.0054857730865478516
1,43,baseline,36,0.8813559322033898,0.8839009287925697,0.9500831946755408,0.9157979149959904,0.9125342738628108,0.0561521053314209
1,43,variance_threshold,36,0.8813559322033898,0.8839009287925697,0.9500831946755408,0.9157979149959904,0.9125342738628108,0.055177927017211914
1,43,chi2,10,0.864406779661017,0.8705701078582434,0.940099833610649,0.904,0.8975650910454407,0.0036978721618652344
1,43,mutual_info,10,0.8666666666666667,0.8815165876777251,0.9284525790349417,0.9043760129659644,0.9014523915539828,0.006006002426147461
1,43,rfe,10,0.8621468926553673,0.8807631160572337,0.9217970049916805,0.9008130081300812,0.90580253567997,0.003506183624267578
1,43,rfecv,31,0.8779661016949153,0.8809891808346213,0.9484193011647255,0.9134615384615384,0.9116085866279205,0.008652210235595703
1,43,l1,28,0.8824858757062147,0.884080370942813,0.9517470881863561,0.9166666666666666,0.9102669260153265,0.007235050201416016
1,43,rf_topk,10,0.8655367231638418,0.8662613981762918,0.9484193011647255,0.9054805401111994,0.8996801106137657,0.004022121429443359
1,43,rf_median,18,0.880225988700565,0.8733031674208145,0.9633943427620633,0.9161392405063291,0.9068512572941811,0.005855083465576172
2,44,baseline,36,0.8824858757062147,0.8793893129770992,0.9584026622296173,0.9171974522292994,0.9388226195776991,0.05444216728210449
2,44,variance_threshold,36,0.8824858757062147,0.8793893129770992,0.9584026622296173,0.9171974522292994,0.9388226195776991,0.054715871810913086
2,44,chi2,10,0.8621468926553673,0.8601503759398497,0.9517470881863561,0.9036334913112164,0.916887347378782,0.0033559799194335938
2,44,mutual_info,10,0.8677966101694915,0.8734567901234568,0.9417637271214643,0.9063250600480385,0.9169781584682806,0.005687713623046875
2,44,rfe,10,0.8824858757062147,0.8817204301075269,0.9550748752079867,0.9169329073482428,0.9320820932249069,0.003805875778198242
2,44,rfecv,28,0.888135593220339,0.8849693251533742,0.9600665557404326,0.9209896249002394,0.9373344894659137,0.008215904235839844
2,44,l1,27,0.8824858757062147,0.8817204301075269,0.9550748752079867,0.9169329073482428,0.9396428487731715,0.007131099700927734
2,44,rf_topk,10,0.8723163841807909,0.8652694610778443,0.961730449251248,0.9109535066981875,0.9209299055564668,0.004110813140869141
2,44,rf_median,18,0.8824858757062147,0.8770864946889226,0.961730449251248,0.9174603174603174,0.9284408614750065,0.0054531097412109375
3,45,baseline,36,0.8779661016949153,0.8906497622820919,0.9351081530782029,0.9123376623376623,0.9236952497012022,0.05545186996459961
3,45,variance_threshold,36,0.8779661016949153,0.8906497622820919,0.9351081530782029,0.9123376623376623,0.9236952497012022,0.05609703063964844
3,45,chi2,10,0.8553672316384181,0.8712715855572999,0.9234608985024958,0.8966074313408724,0.8999466851022944,0.003368854522705078
3,45,mutual_info,10,0.8666666666666667,0.8851674641148325,0.9234608985024958,0.9039087947882736,0.9045780506667292,0.005403995513916016
3,45,rfe,10,0.8711864406779661,0.8858954041204438,0.930116472545757,0.9074675324675324,0.9214044667338475,0.0035140514373779297
3,45,rfecv,36,0.8779661016949153,0.8906497622820919,0.9351081530782029,0.9123376623376623,0.9236483794614609,0.011023998260498047
3,45,l1,28,0.8790960451977401,0.893312101910828,0.9334442595673876,0.9129373474369405,0.923818284080523,0.007539033889770508
3,45,rf_topk,10,0.8700564971751412,0.8659638554216867,0.956738768718802,0.9090909090909091,0.9012151109652926,0.0041158199310302734
3,45,rf_median,18,0.8779661016949153,0.8833592534992224,0.9450915141430949,0.9131832797427653,0.9162370228023716,0.0056247711181640625
4,46,baseline,36,0.8745762711864407,0.8769230769230769,0.9484193011647255,0.9112709832134293,0.9093529563403716,0.05828976631164551
4,46,variance_threshold,36,0.8745762711864407,0.8769230769230769,0.9484193011647255,0.9112709832134293,0.9093529563403716,0.05755972862243652
4,46,chi2,10,0.8519774011299435,0.8593272171253823,0.9351081530782029,0.895617529880478,0.8873473787818424,0.0036258697509765625
4,46,mutual_info,10,0.8610169491525423,0.8699690402476781,0.9351081530782029,0.9013632718524459,0.8880650793278808,0.005701780319213867
4,46,rfe,10,0.8689265536723164,0.875968992248062,0.940099833610649,0.9069020866773676,0.9004827634693353,0.0038721561431884766
4,46,rfecv,31,0.880225988700565,0.8837209302325582,0.9484193011647255,0.9149277688603531,0.9093119448805981,0.00893402099609375
4,46,l1,26,0.8757062146892656,0.8782742681047766,0.9484193011647255,0.912,0.9061423449180942,0.006894111633300781
4,46,rf_topk,10,0.8542372881355932,0.8554216867469879,0.9450915141430949,0.8980237154150198,0.8902650512057368,0.0042340755462646484
4,46,rf_median,18,0.8711864406779661,0.8706240487062404,0.9517470881863561,0.9093799682034976,0.9045839094466969,0.0055768489837646484
5,47,baseline,36,0.8847457627118644,0.8820826952526799,0.9584026622296173,0.9186602870813397,0.93040941154414,0.04642796516418457
5,47,variance_threshold,36,0.8847457627118644,0.8820826952526799,0.9584026622296173,0.9186602870813397,0.93040941154414,0.0464630126953125
5,47,chi2,10,0.8542372881355932,0.8734177215189873,0.9184692179700499,0.8953771289537713,0.9085005038550772,0.0037250518798828125
5,47,mutual_info,10,0.8531073446327684,0.8780096308186196,0.9101497504159733,0.8937908496732027,0.9070328794731786,0.005860090255737305
5,47,rfe,10,0.8790960451977401,0.8847352024922118,0.9450915141430949,0.913917940466613,0.9250486278737315,0.0035490989685058594
5,47,rfecv,29,0.880225988700565,0.8813559322033898,0.9517470881863561,0.9152,0.929223008600689,0.007922887802124023
5,47,l1,27,0.8870056497175142,0.8824427480916031,0.961730449251248,0.9203821656050956,0.9301633427854984,0.007422208786010742
5,47,rf_topk,10,0.8700564971751412,0.8670694864048338,0.9550748752079867,0.9089469517022961,0.9088549600431206,0.0039520263671875
5,47,rf_median,18,0.8757062146892656,0.8725341426403642,0.956738768718802,0.9126984126984127,0.9194124815448431,0.005638837814331055
6,48,baseline,36,0.8824858757062147,0.8793893129770992,0.9584026622296173,0.9171974522292994,0.9167467366595581,0.051148176193237305
6,48,variance_threshold,36,0.8824858757062147,0.8793893129770992,0.9584026622296173,0.9171974522292994,0.9167467366595581,0.05052995681762695
6,48,chi2,10,0.848587570621469,0.8631415241057543,0.9234608985024958,0.8922829581993569,0.8853524642028543,0.003715991973876953
6,48,mutual_info,10,0.8655367231638418,0.8640483383685801,0.9517470881863561,0.9057798891528107,0.8882818541866843,0.006249904632568359
6,48,rfe,10,0.8677966101694915,0.8769470404984424,0.9367720465890182,0.9058728881737731,0.9101087389561998,0.0037550926208496094
6,48,rfecv,27,0.8779661016949153,0.8809891808346213,0.9484193011647255,0.9134615384615384,0.9139989688547258,0.007481098175048828
6,48,l1,28,0.880225988700565,0.8778625954198473,0.956738768718802,0.9156050955414012,0.9152644653277402,0.007543087005615234
6,48,rf_topk,10,0.8655367231638418,0.8618618618618619,0.9550748752079867,0.9060773480662984,0.8861756227883106,0.004072904586791992
6,48,rf_median,18,0.8700564971751412,0.8704268292682927,0.9500831946755408,0.9085123309466985,0.9041562185090577,0.005563259124755859
7,49,baseline,36,0.8655367231638418,0.8673780487804879,0.9467554076539102,0.9053301511535402,0.9046073445665674,0.055520057678222656
7,49,variance_threshold,36,0.8655367231638418,0.8673780487804879,0.9467554076539102,0.9053301511535402,0.9046073445665674,0.05647706985473633
7,49,chi2,10,0.8384180790960452,0.8533950617283951,0.9201331114808652,0.8855084067253803,0.8771238077382766,0.0036079883575439453
7,49,mutual_info,10,0.8497175141242937,0.8482142857142857,0.9484193011647255,0.8955223880597015,0.8817639614726629,0.005876064300537109
7,49,rfe,10,0.847457627118644,0.8573619631901841,0.930116472545757,0.8922585794094174,0.896803449649645,0.0038208961486816406
7,49,rfecv,23,0.8655367231638418,0.8719135802469136,0.940099833610649,0.9047237790232185,0.9006819619882356,0.006231069564819336
7,49,l1,28,0.8666666666666667,0.8687022900763359,0.9467554076539102,0.9060509554140127,0.9040331841297369,0.007090330123901367
7,49,rf_topk,10,0.8372881355932204,0.8564742589703588,0.913477537437604,0.8840579710144928,0.8784185981111293,0.004015207290649414
7,49,rf_median,18,0.8587570621468926,0.8573573573573574,0.9500831946755408,0.9013417521704814,0.8947060064212228,0.005557060241699219
8,50,baseline,36,0.8734463276836159,0.8767334360554699,0.9467554076539102,0.9104,0.8945009491223548,0.0347750186920166
8,50,variance_threshold,36,0.8734463276836159,0.8767334360554699,0.9467554076539102,0.9104,0.8945009491223548,0.035269975662231445
8,50,chi2,10,0.8440677966101695,0.8600311041990669,0.9201331114808652,0.8890675241157556,0.8743438166436222,0.003734111785888672
8,50,mutual_info,10,0.8384180790960452,0.861198738170347,0.908485856905158,0.8842105263157894,0.8728263926319981,0.005470991134643555
8,50,rfe,10,0.8553672316384181,0.8689547581903276,0.9267886855241264,0.8969404186795491,0.8916887347378781,0.0039501190185546875
8,50,rfecv,29,0.8768361581920904,0.8819875776397516,0.9450915141430949,0.9124497991967871,0.8943779147430339,0.008420944213867188
8,50,l1,28,0.8745762711864407,0.8780864197530864,0.9467554076539102,0.911128903122498,0.8954324951372126,0.0074770450592041016
8,50,rf_topk,10,0.8587570621468926,0.8552238805970149,0.9534109816971714,0.9016522423288749,0.874071383375126,0.0041811466217041016
8,50,rf_median,18,0.8632768361581921,0.8636363636363636,0.9484193011647255,0.9040444091990484,0.8860877410887957,0.0056171417236328125
9,51,baseline,36,0.8655367231638418,0.8651515151515151,0.9500831946755408,0.9056304520222046,0.9181879965316023,0.04925084114074707
9,51,variance_threshold,36,0.8655367231638418,0.8651515151515151,0.9500831946755408,0.9056304520222046,0.9181879965316023,0.0476689338684082
9,51,chi2,10,0.848587570621469,0.8479880774962743,0.9467554076539102,0.8946540880503144,0.8868493824845912,0.0037589073181152344
9,51,mutual_info,10,0.8632768361581921,0.8508771929824561,0.9683860232945092,0.9058365758754864,0.8980923812425301,0.006310939788818359
9,51,rfe,10,0.8621468926553673,0.8634294385432474,0.9467554076539102,0.9031746031746032,0.912443462773312,0.0036411285400390625
9,51,rfecv,30,0.8666666666666667,0.867579908675799,0.9484193011647255,0.9062003179650239,0.9191019662065572,0.009174108505249023
9,51,l1,26,0.8700564971751412,0.8681818181818182,0.9534109816971714,0.908802537668517,0.9180063743526047,0.0072460174560546875
9,51,rf_topk,10,0.8542372881355932,0.8450292397660819,0.961730449251248,0.8996108949416343,0.8958074570551429,0.004086971282958984
9,51,rf_median,18,0.8655367231638418,0.856508875739645,0.9633943427620633,0.9068128425998434,0.9140399803144994,0.0060138702392578125
10,52,baseline,36,0.8711864406779661,0.8672699849170438,0.956738768718802,0.9098101265822784,0.8970553771882545,0.061608076095581055
10,52,variance_threshold,36,0.8711864406779661,0.8672699849170438,0.956738768718802,0.9098101265822784,0.8970553771882545,0.05919790267944336
10,52,chi2,10,0.8519774011299435,0.8615384615384616,0.9317803660565723,0.8952837729816147,0.8786353729699328,0.003679990768432617
10,52,mutual_info,10,0.8542372881355932,0.8543543543543544,0.9467554076539102,0.8981846882399369,0.8773991703967566,0.006264686584472656
10,52,rfe,10,0.8757062146892656,0.8702865761689291,0.9600665557404326,0.9129746835443038,0.8934229336083055,0.0038089752197265625
10,52,rfecv,36,0.8711864406779661,0.8672699849170438,0.956738768718802,0.9098101265822784,0.8970378008483515,0.010571002960205078
10,52,l1,25,0.8700564971751412,0.8670694864048338,0.9550748752079867,0.9089469517022961,0.8983091561013334,0.006768941879272461
10,52,rf_topk,10,0.8451977401129943,0.8462686567164179,0.9434276206322796,0.8922108575924469,0.877393311616789,0.004124164581298828
10,52,rf_median,18,0.8587570621468926,0.8573573573573574,0.9500831946755408,0.9013417521704814,0.8863865388671465,0.005697011947631836
11,53,baseline,36,0.880225988700565,0.8837209302325582,0.9484193011647255,0.9149277688603531,0.9181879965316023,0.050556182861328125
11,53,variance_threshold,36,0.880225988700565,0.8837209302325582,0.9484193011647255,0.9149277688603531,0.9181879965316023,0.049266815185546875
11,53,chi2,10,0.8531073446327684,0.8720379146919431,0.9184692179700499,0.8946515397082658,0.8887593447540484,0.003441333770751953
11,53,mutual_info,10,0.8689265536723164,0.8657616892911011,0.9550748752079867,0.9082278481012658,0.8995277823346067,0.006495952606201172
11,53,rfe,10,0.8711864406779661,0.8786936236391913,0.940099833610649,0.9083601286173634,0.9111398842305078,0.0036439895629882812
11,53,rfecv,30,0.8779661016949153,0.8857589984350548,0.9417637271214643,0.9129032258064517,0.9170572519978439,0.009044170379638672
11,53,l1,29,0.8768361581920904,0.8808049535603715,0.9467554076539102,0.9125902165196471,0.9185981111293384,0.007497072219848633
11,53,rf_topk,10,0.8508474576271187,0.8740031897926634,0.9118136439267887,0.8925081433224755,0.8925148227133182,0.0041201114654541016
11,53,rf_median,18,0.8757062146892656,0.8736681887366818,0.9550748752079867,0.9125596184419714,0.911567575168147,0.005520820617675781
12,54,baseline,36,0.888135593220339,0.8909657320872274,0.9517470881863561,0.9203539823008849,0.9316338965573809,0.05121803283691406
12,54,variance_threshold,36,0.888135593220339,0.8909657320872274,0.9517470881863561,0.9203539823008849,0.9316338965573809,0.05091285705566406
12,54,chi2,10,0.8587570621468926,0.868421052631579,0.9334442595673876,0.8997594226142742,0.9068453985142134,0.0037882328033447266
12,54,mutual_info,10,0.8666666666666667,0.8815165876777251,0.9284525790349417,0.9043760129659644,0.9107385578027231,0.005975961685180664
12,54,rfe,10,0.8734463276836159,0.8874801901743264,0.9317803660565723,0.9090909090909091,0.9281918633263809,0.003653287887573242
12,54,rfecv,28,0.888135593220339,0.889751552795031,0.9534109816971714,0.9204819277108434,0.9312237819596448,0.008048057556152344
12,54,l1,28,0.8836158192090395,0.8878504672897196,0.9484193011647255,0.917135961383749,0.9314581331583511,0.007660865783691406
12,54,rf_topk,10,0.8779661016949153,0.8662704309063893,0.9700499168053245,0.9152276295133438,0.9149070797497129,0.004122018814086914
12,54,rf_median,18,0.8858757062146893,0.8787878787878788,0.9650582362728786,0.9199048374306106,0.9238475779803614,0.005499839782714844
13,55,baseline,36,0.8768361581920904,0.8704819277108434,0.961730449251248,0.9138339920948617,0.9142391788333997,0.05498695373535156
13,55,variance_threshold,36,0.8768361581920904,0.8704819277108434,0.961730449251248,0.9138339920948617,0.9142391788333997,0.05399608612060547
13,55,chi2,10,0.8372881355932204,0.8425787106446777,0.9351081530782029,0.886435331230284,0.887906892268754,0.0035178661346435547
13,55,mutual_info,10,0.8508474576271187,0.8558421851289834,0.9384359400998337,0.8952380952380953,0.8871071688031684,0.006383180618286133
13,55,rfe,10,0.8734463276836159,0.8721461187214612,0.9534109816971714,0.9109697933227345,0.9108674509620117,0.003909111022949219
13,55,rfecv,32,0.8790960451977401,0.8719879518072289,0.9633943427620633,0.9154150197628459,0.913805629115793,0.009463787078857422
13,55,l1,26,0.8768361581920904,0.8716012084592145,0.9600665557404326,0.9136975455265242,0.9148133392702305,0.0065801143646240234
13,55,rf_topk,10,0.848587570621469,0.8398835516739447,0.9600665557404326,0.8959627329192547,0.8821740760703991,0.0040776729583740234
13,55,rf_median,18,0.8700564971751412,0.8637724550898204,0.9600665557404326,0.9093774625689519,0.9029493098357197,0.005654096603393555
14,56,baseline,36,0.8824858757062147,0.8901098901098901,0.9434276206322796,0.9159935379644588,0.9122706287642661,0.05051302909851074
14,56,variance_threshold,36,0.8824858757062147,0.8901098901098901,0.9434276206322796,0.9159935379644588,0.9122706287642661,0.05009007453918457
14,56,chi2,10,0.8497175141242937,0.8611111111111112,0.9284525790349417,0.8935148118494796,0.8924386585737386,0.0036859512329101562
14,56,mutual_info,10,0.8858757062146893,0.8869969040247678,0.9534109816971714,0.9190056134723336,0.9046073445665674,0.005865812301635742
14,56,rfe,10,0.880225988700565,0.889763779527559,0.940099833610649,0.9142394822006472,0.9061687094279487,0.0036132335662841797
14,56,rfecv,24,0.8915254237288136,0.8963893249607535,0.9500831946755408,0.9224555735056543,0.9127158960418083,0.006802082061767578
14,56,l1,28,0.8824858757062147,0.8888888888888888,0.9450915141430949,0.9161290322580645,0.9134072320779921,0.00774073600769043
14,56,rf_topk,10,0.8711864406779661,0.8694992412746586,0.9534109816971714,0.9095238095238095,0.8982388507417215,0.004126071929931641
14,56,rf_median,18,0.8824858757062147,0.8864696734059098,0.9484193011647255,0.9163987138263665,0.9011858170654543,0.005866050720214844
15,57,baseline,36,0.8757062146892656,0.8890649762282092,0.9334442595673876,0.9107142857142857,0.9208713177567903,0.05131101608276367
15,57,variance_threshold,36,0.8757062146892656,0.8890649762282092,0.9334442595673876,0.9107142857142857,0.9208713177567903,0.05052590370178223
15,57,chi2,10,0.8429378531073446,0.865506329113924,0.9101497504159733,0.8872668288726683,0.8985493660800075,0.003676176071166992
15,57,mutual_info,10,0.8497175141242937,0.8774193548387097,0.9051580698835274,0.8910728910728911,0.8931329239999063,0.0065381526947021484
15,57,rfe,10,0.8700564971751412,0.8881789137380192,0.9251247920133111,0.9062754686226568,0.9130059056502074,0.003887176513671875
15,57,rfecv,29,0.8745762711864407,0.8901273885350318,0.930116472545757,0.9096826688364524,0.9215275011131682,0.008002042770385742
15,57,l1,28,0.8779661016949153,0.8918918918918919,0.9334442595673876,0.9121951219512195,0.9210939513955614,0.007632017135620117
15,57,rf_topk,10,0.8666666666666667,0.8721109399075501,0.9417637271214643,0.9056,0.8961824189730732,0.00415802001953125
15,57,rf_median,18,0.8734463276836159,0.880248833592535,0.9417637271214643,0.909967845659164,0.9078355323287479,0.006512880325317383
16,58,baseline,36,0.8836158192090395,0.8927444794952681,0.9417637271214643,0.9165991902834008,0.922769562466312,0.05882692337036133
16,58,variance_threshold,36,0.8836158192090395,0.8927444794952681,0.9417637271214643,0.9165991902834008,0.922769562466312,0.05747103691101074
16,58,chi2,10,0.8655367231638418,0.8862179487179487,0.9201331114808652,0.9028571428571428,0.8973483161866372,0.003632068634033203
16,58,mutual_info,10,0.8734463276836159,0.880248833592535,0.9417637271214643,0.909967845659164,0.896358182372103,0.0065343379974365234
16,58,rfe,10,0.8757062146892656,0.8890649762282092,0.9334442595673876,0.9107142857142857,0.9166207728902533,0.00419306755065918
16,58,rfecv,34,0.8870056497175142,0.8982511923688394,0.940099833610649,0.9186991869918699,0.9229336083054065,0.009833097457885742
16,58,l1,23,0.8858757062146893,0.8968253968253969,0.940099833610649,0.9179528838342811,0.9225352112676055,0.006582021713256836
16,58,rf_topk,10,0.8790960451977401,0.8811728395061729,0.9500831946755408,0.9143314651721377,0.8949813690797029,0.0041310787200927734
16,58,rf_median,18,0.880225988700565,0.8813559322033898,0.9517470881863561,0.9152,0.9156218509057674,0.005735158920288086
17,59,baseline,36,0.8610169491525423,0.8577844311377245,0.9534109816971714,0.9030732860520094,0.9049998828244006,0.05585479736328125
17,59,variance_threshold,36,0.8610169491525423,0.8577844311377245,0.9534109816971714,0.9030732860520094,0.9049998828244006,0.054096221923828125
17,59,chi2,10,0.8361581920903954,0.8433734939759037,0.9317803660565723,0.8853754940711462,0.8855165100419489,0.003766775131225586
17,59,mutual_info,10,0.8553672316384181,0.8493353028064993,0.956738768718802,0.8998435054773083,0.8948964167701717,0.006227970123291016
17,59,rfe,10,0.8587570621468926,0.8562874251497006,0.9517470881863561,0.9014972419227738,0.8959832204541726,0.0039560794830322266
17,59,rfecv,36,0.8610169491525423,0.8577844311377245,0.9534109816971714,0.9030732860520094,0.9049823064844977,0.010332822799682617
17,59,l1,26,0.8598870056497175,0.8597285067873304,0.9484193011647255,0.9018987341772152,0.9058435471397437,0.007520198822021484
17,59,rf_topk,10,0.848587570621469,0.8408759124087591,0.9584026622296173,0.895800933125972,0.8927608914719598,0.003935098648071289
17,59,rf_median,18,0.8587570621468926,0.8541666666666666,0.9550748752079867,0.9018067556952082,0.8953680485575685,0.005496025085449219
18,60,baseline,36,0.8892655367231639,0.8973143759873617,0.9450915141430949,0.9205834683954619,0.9219200393710015,0.05130600929260254
18,60,variance_threshold,36,0.8892655367231639,0.8973143759873617,0.9450915141430949,0.9205834683954619,0.9219200393710015,0.04919910430908203
18,60,chi2,10,0.831638418079096,0.864516129032258,0.891846921797005,0.877968877968878,0.8930919125401326,0.0038061141967773438
18,60,mutual_info,10,0.8564971751412429,0.882258064516129,0.9101497504159733,0.895986895986896,0.8978931827236297,0.005791187286376953
18,60,rfe,10,0.8745762711864407,0.886435331230284,0.9351081530782029,0.9101214574898785,0.907627545639896,0.003820180892944336
18,60,rfecv,31,0.8870056497175142,0.8982511923688394,0.940099833610649,0.9186991869918699,0.9217794286517775,0.009107828140258789
18,60,l1,25,0.8892655367231639,0.8985736925515055,0.9434276206322796,0.9204545454545454,0.9219141805910337,0.006433725357055664
18,60,rf_topk,10,0.8677966101694915,0.8655589123867069,0.9534109816971714,0.9073634204275535,0.902328279159148,0.0038831233978271484
18,60,rf_median,18,0.8711864406779661,0.8717557251908397,0.9500831946755408,0.9092356687898089,0.9046249209064703,0.005385875701904297
19,61,baseline,36,0.864406779661017,0.8660578386605784,0.9467554076539102,0.904610492845787,0.9079702842680041,0.06199026107788086
19,61,variance_threshold,36,0.864406779661017,0.8660578386605784,0.9467554076539102,0.904610492845787,0.9079702842680041,0.06188201904296875
19,61,chi2,10,0.8384180790960452,0.8555900621118012,0.9168053244592346,0.885140562248996,0.8735147992781982,0.0036859512329101562
19,61,mutual_info,10,0.8508474576271187,0.8515742128935532,0.9450915141430949,0.8958990536277602,0.8821125588807386,0.006224870681762695
19,61,rfe,10,0.8666666666666667,0.866464339908953,0.9500831946755408,0.9063492063492063,0.9023634318389538,0.0036559104919433594
19,61,rfecv,22,0.8610169491525423,0.8665644171779141,0.940099833610649,0.9018355945730248,0.9067926694945044,0.006762027740478516
19,61,l1,27,0.8655367231638418,0.8662613981762918,0.9484193011647255,0.9054805401111994,0.9073902650512057,0.007209062576293945
19,61,rf_topk,10,0.8508474576271187,0.8484398216939079,0.9500831946755408,0.8963893249607535,0.8832872442642543,0.004155874252319336
19,61,rf_median,18,0.8610169491525423,0.8610271903323263,0.9484193011647255,0.9026128266033254,0.9004593283494645,0.005543231964111328
20,62,baseline,36,0.8858757062146893,0.8943217665615142,0.9434276206322796,0.9182186234817814,0.9298352511073094,0.05743718147277832
20,62,variance_threshold,36,0.8858757062146893,0.8943217665615142,0.9434276206322796,0.9182186234817814,0.9298352511073094,0.05674004554748535
20,62,chi2,10,0.8564971751412429,0.875,0.9201331114808652,0.8969991889699919,0.9140487684844509,0.003936052322387695
20,62,mutual_info,10,0.8757062146892656,0.890302066772655,0.9317803660565723,0.9105691056910569,0.9180444564223946,0.006719827651977539
20,62,rfe,10,0.8745762711864407,0.8913738019169329,0.9284525790349417,0.9095354523227384,0.9292991727402685,0.00351715087890625
20,62,rfecv,31,0.8858757062146893,0.8918495297805643,0.9467554076539102,0.9184826472962067,0.9296243350284737,0.007812023162841797
20,62,l1,28,0.8847457627118644,0.8941548183254344,0.9417637271214643,0.9173419773095624,0.9305558810433316,0.007539033889770508
20,62,rf_topk,10,0.8723163841807909,0.8742331288343558,0.9484193011647255,0.9098164405426975,0.916248740362307,0.003938913345336914
20,62,rf_median,18,0.8836158192090395,0.8878504672897196,0.9484193011647255,0.917135961383749,0.9275913383796959,0.006044149398803711
21,63,baseline,36,0.8790960451977401,0.8823529411764706,0.9484193011647255,0.9141940657578188,0.9104075367345503,0.04353785514831543
21,63,variance_threshold,36,0.8790960451977401,0.8823529411764706,0.9484193011647255,0.9141940657578188,0.9104075367345503,0.042150020599365234
21,63,chi2,10,0.8542372881355932,0.8630769230769231,0.9334442595673876,0.8968824940047961,0.8947382297110449,0.0036880970001220703
21,63,mutual_info,10,0.8632768361581921,0.8636363636363636,0.9484193011647255,0.9040444091990484,0.8908128471327131,0.006526947021484375
21,63,rfe,10,0.8757062146892656,0.8806201550387597,0.9450915141430949,0.9117174959871589,0.9055593963113121,0.0037581920623779297
21,63,rfecv,29,0.8790960451977401,0.8871473354231975,0.9417637271214643,0.9136400322841001,0.9104426894143565,0.008213043212890625
21,63,l1,30,0.8790960451977401,0.8823529411764706,0.9484193011647255,0.9141940657578188,0.9106594642731598,0.00887918472290039
21,63,rf_topk,10,0.8632768361581921,0.8603603603603603,0.9534109816971714,0.904498816101026,0.8903529329052519,0.0037059783935546875
21,63,rf_median,18,0.8689265536723164,0.8736517719568567,0.9434276206322796,0.9072,0.8985845187598135,0.005715131759643555
22,64,baseline,36,0.8824858757062147,0.878234398782344,0.9600665557404326,0.9173290937996821,0.9162897518220805,0.05325198173522949
22,64,variance_threshold,36,0.8824858757062147,0.878234398782344,0.9600665557404326,0.9173290937996821,0.9162897518220805,0.05227017402648926
22,64,chi2,10,0.8406779661016949,0.852760736196319,0.9251247920133111,0.8874700718276137,0.8875290009608399,0.003461122512817383
22,64,mutual_info,10,0.8779661016949153,0.8706766917293233,0.9633943427620633,0.9146919431279621,0.9059372876192262,0.006150007247924805
22,64,rfe,10,0.8768361581920904,0.8808049535603715,0.9467554076539102,0.9125902165196471,0.9120509245154789,0.004045963287353516
22,64,rfecv,32,0.8836158192090395,0.8807339449541285,0.9584026622296173,0.9179282868525896,0.9153054767875137,0.009366035461425781
22,64,l1,31,0.8858757062146893,0.8787878787878788,0.9650582362728786,0.9199048374306106,0.9157273089451853,0.007879018783569336
22,64,rf_topk,10,0.8621468926553673,0.8516886930983847,0.9650582362728786,0.9048361934477379,0.8930831243701812,0.004326820373535156
22,64,rf_median,18,0.8813559322033898,0.8734939759036144,0.9650582362728786,0.9169960474308301,0.9082456469264839,0.005599021911621094
23,65,baseline,36,0.8610169491525423,0.8621212121212121,0.9467554076539102,0.9024583663758922,0.9068922687539547,0.06274914741516113
23,65,variance_threshold,36,0.8610169491525423,0.8621212121212121,0.9467554076539102,0.9024583663758922,0.9068922687539547,0.0610506534576416
23,65,chi2,10,0.8497175141242937,0.8556231003039514,0.9367720465890182,0.8943606036536934,0.8756679009163132,0.0038268566131591797
23,65,mutual_info,10,0.8564971751412429,0.8464912280701754,0.9633943427620633,0.9011673151750973,0.8931446415598416,0.0057849884033203125
23,65,rfe,10,0.8564971751412429,0.8547904191616766,0.9500831946755408,0.8999211977935382,0.8990004921375173,0.004087924957275391
23,65,rfecv,30,0.8610169491525423,0.8632218844984803,0.9450915141430949,0.9023034154090548,0.9062185090576739,0.009366989135742188
23,65,l1,25,0.8666666666666667,0.8653555219364599,0.9517470881863561,0.9064976228209192,0.9072848070117879,0.006948709487915039
23,65,rf_topk,10,0.8564971751412429,0.8434782608695652,0.9683860232945092,0.9016266460108443,0.8757880059056502,0.004122734069824219
23,65,rf_median,18,0.8587570621468926,0.8489736070381232,0.9633943427620633,0.9025720966484801,0.8926437158726066,0.006098031997680664
24,66,baseline,36,0.8745762711864407,0.8757668711656442,0.9500831946755408,0.9114126097366321,0.9126631670220994,0.05775308609008789
24,66,variance_threshold,36,0.8745762711864407,0.8757668711656442,0.9500831946755408,0.9114126097366321,0.9126631670220994,0.05687999725341797
24,66,chi2,10,0.8361581920903954,0.8529411764705882,0.9168053244592346,0.8837209302325582,0.8893159288509761,0.003780841827392578
24,66,mutual_info,10,0.8576271186440678,0.8539493293591655,0.9534109816971714,0.9009433962264151,0.8905784959340067,0.00605010986328125
24,66,rfe,10,0.8576271186440678,0.8670788253477589,0.9334442595673876,0.8990384615384616,0.9016779545827377,0.003754138946533203
24,66,rfecv,28,0.8734463276836159,0.8767334360554699,0.9467554076539102,0.9104,0.9129356002905955,0.008014202117919922
24,66,l1,26,0.8734463276836159,0.8755760368663594,0.9484193011647255,0.9105431309904153,0.9119659722059479,0.007380008697509766
24,66,rf_topk,10,0.8542372881355932,0.8501483679525222,0.9534109816971714,0.8988235294117647,0.8894213868903937,0.004118919372558594
24,66,rf_median,18,0.8632768361581921,0.8647416413373861,0.9467554076539102,0.9038919777601271,0.9061657800379649,0.006123065948486328
25,67,baseline,36,0.8836158192090395,0.8927444794952681,0.9417637271214643,0.9165991902834008,0.9258688570692039,0.051442861557006836
25,67,variance_threshold,36,0.8836158192090395,0.8927444794952681,0.9417637271214643,0.9165991902834008,0.9258688570692039,0.05055999755859375
25,67,chi2,10,0.8463276836158192,0.8672985781990521,0.913477537437604,0.8897893030794165,0.9007522673478475,0.003858327865600586
25,67,mutual_info,10,0.848587570621469,0.8760064412238325,0.9051580698835274,0.8903436988543372,0.9033330599236015,0.006422996520996094
25,67,rfe,10,0.8666666666666667,0.8803149606299212,0.930116472545757,0.9045307443365695,0.9179624335028473,0.0038480758666992188
25,67,rfecv,35,0.8836158192090395,0.8927444794952681,0.9417637271214643,0.9165991902834008,0.925816128049495,0.010094165802001953
25,67,l1,27,0.8813559322033898,0.8911671924290221,0.940099833610649,0.9149797570850202,0.9252595439525673,0.007442951202392578
25,67,rf_topk,10,0.8621468926553673,0.8645357686453576,0.9450915141430949,0.9030206677265501,0.9046952262660825,0.004136800765991211
25,67,rf_median,18,0.8768361581920904,0.8796296296296297,0.9484193011647255,0.9127301841473179,0.9174439314757096,0.005687236785888672
26,68,baseline,36,0.8621468926553673,0.8759811616954474,0.9284525790349417,0.901453957996769,0.9133603618382509,0.06194591522216797
26,68,variance_threshold,36,0.8621468926553673,0.8759811616954474,0.9284525790349417,0.901453957996769,0.9133603618382509,0.06244611740112305
26,68,chi2,10,0.8463276836158192,0.8672985781990521,0.913477537437604,0.8897893030794165,0.8987954348386491,0.0036840438842773438
26,68,mutual_info,10,0.8564971751412429,0.8785942492012779,0.9151414309484193,0.8964955175224124,0.9033096248037309,0.006242990493774414
26,68,rfe,10,0.8497175141242937,0.8714285714285714,0.913477537437604,0.8919577579203899,0.9095902369290619,0.0037190914154052734
26,68,rfecv,29,0.8587570621468926,0.8742138364779874,0.9251247920133111,0.898949070331447,0.9126280143422933,0.008375883102416992
26,68,l1,31,0.8632768361581921,0.875,0.9317803660565723,0.9024979854955681,0.9131787396592533,0.008311986923217773
26,68,rf_topk,10,0.8497175141242937,0.8577981651376146,0.9334442595673876,0.8940239043824701,0.8971608352276723,0.0041239261627197266
26,68,rf_median,18,0.8564971751412429,0.8623853211009175,0.9384359400998337,0.8988047808764941,0.9052283752431394,0.0057528018951416016
27,69,baseline,36,0.8757062146892656,0.8658718330849479,0.9667221297836939,0.9135220125786163,0.9265308992055494,0.05394887924194336
27,69,variance_threshold,36,0.8757062146892656,0.8658718330849479,0.9667221297836939,0.9135220125786163,0.9265308992055494,0.05461597442626953
27,69,chi2,10,0.8497175141242937,0.8545454545454545,0.9384359400998337,0.8945281522601111,0.9070973260528228,0.0034449100494384766
27,69,mutual_info,10,0.8508474576271187,0.8624420401854714,0.9284525790349417,0.8942307692307693,0.9155896276159453,0.005959033966064453
27,69,rfe,10,0.8734463276836159,0.8744257274119449,0.9500831946755408,0.9106858054226475,0.9318389538562489,0.003634214401245117
27,69,rfecv,27,0.8734463276836159,0.8676691729323308,0.9600665557404326,0.9115323854660348,0.9257048112301094,0.008162975311279297
27,69,l1,27,0.8711864406779661,0.8650674662668666,0.9600665557404326,0.9100946372239748,0.9268062618640295,0.007371664047241211
27,69,rf_topk,10,0.8542372881355932,0.8641975308641975,0.9317803660565723,0.8967173738991193,0.915387499707061,0.004022121429443359
27,69,rf_median,18,0.8734463276836159,0.8632986627043091,0.9667221297836939,0.9120879120879121,0.9264898877457759,0.006118297576904297
28,70,baseline,36,0.8790960451977401,0.8753799392097265,0.9584026622296173,0.9150119142176331,0.9256110707506269,0.03329586982727051
28,70,variance_threshold,36,0.8790960451977401,0.8753799392097265,0.9584026622296173,0.9150119142176331,0.9256110707506269,0.034358978271484375
28,70,chi2,10,0.8564971751412429,0.8634969325153374,0.9367720465890182,0.8986432561851556,0.9119220313561903,0.0034818649291992188
28,70,mutual_info,10,0.8723163841807909,0.8674698795180723,0.9584026622296173,0.9106719367588932,0.9186361931991281,0.005955934524536133
28,70,rfe,10,0.8768361581920904,0.8761467889908257,0.9534109816971714,0.9131474103585657,0.9177661643739307,0.0039789676666259766
28,70,rfecv,34,0.8768361581920904,0.8761467889908257,0.9534109816971714,0.9131474103585657,0.9248025591150899,0.009592056274414062
28,70,l1,26,0.8813559322033898,0.8780487804878049,0.9584026622296173,0.9164677804295943,0.9253298493121792,0.007666110992431641
28,70,rf_topk,10,0.8598870056497175,0.8512518409425626,0.961730449251248,0.903125,0.9078589674486186,0.004221916198730469
28,70,rf_median,18,0.8790960451977401,0.8742424242424243,0.9600665557404326,0.9151467089611419,0.9149129385296806,0.005763053894042969
29,71,baseline,36,0.8813559322033898,0.8780487804878049,0.9584026622296173,0.9164677804295943,0.9260797731480398,0.043862104415893555
29,71,variance_threshold,36,0.8813559322033898,0.8780487804878049,0.9584026622296173,0.9164677804295943,0.9260797731480398,0.04295992851257324
29,71,chi2,10,0.8689265536723164,0.875968992248062,0.940099833610649,0.9069020866773676,0.9095550842492559,0.0037882328033447266
29,71,mutual_info,10,0.8700564971751412,0.8820754716981132,0.9334442595673876,0.9070331447049312,0.9158210494246677,0.0064198970794677734
29,71,rfe,10,0.8734463276836159,0.8732824427480916,0.9517470881863561,0.910828025477707,0.9226758219868294,0.0040569305419921875
29,71,rfecv,33,0.8858757062146893,0.882262996941896,0.9600665557404326,0.9195219123505977,0.9251658034730847,0.009111881256103516
29,71,l1,25,0.8858757062146893,0.8810975609756098,0.961730449251248,0.9196499602227526,0.9247615476553162,0.0067670345306396484
29,71,rf_topk,10,0.8711864406779661,0.8639760837070254,0.961730449251248,0.9102362204724409,0.9070328794731783,0.004266977310180664
29,71,rf_median,18,0.8813559322033898,0.8723723723723724,0.9667221297836939,0.9171270718232044,0.9140927093342082,0.005663156509399414
30,72,baseline,36,0.8779661016949153,0.8956661316211878,0.9284525790349417,0.9117647058823529,0.9202092756204447,0.0514988899230957
30,72,variance_threshold,36,0.8779661016949153,0.8956661316211878,0.9284525790349417,0.9117647058823529,0.9202092756204447,0.05221104621887207
30,72,chi2,10,0.8542372881355932,0.8818770226537217,0.9068219633943427,0.8941755537325676,0.899967190832181,0.0037310123443603516
30,72,mutual_info,10,0.8621468926553673,0.8736349453978159,0.9317803660565723,0.9017713365539453,0.9048358369853062,0.006743192672729492
30,72,rfe,10,0.864406779661017,0.8860353130016051,0.9184692179700499,0.9019607843137255,0.9122120409645895,0.003796815872192383
30,72,rfecv,20,0.8790960451977401,0.8945686900958466,0.9317803660565723,0.9127954360228199,0.9169517939584261,0.0059719085693359375
30,72,l1,26,0.8734463276836159,0.8924558587479936,0.9251247920133111,0.9084967320261438,0.9198167373626117,0.006718873977661133
30,72,rf_topk,10,0.864406779661017,0.875195007800312,0.9334442595673876,0.9033816425120773,0.9034590236929062,0.004230976104736328
30,72,rf_median,18,0.8723163841807909,0.8824451410658307,0.9367720465890182,0.9087974172719936,0.9183344660307938,0.0057659149169921875
31,73,baseline,36,0.8847457627118644,0.8832565284178188,0.956738768718802,0.9185303514376997,0.9141395795739495,0.06005120277404785
31,73,variance_threshold,35,0.8847457627118644,0.8820826952526799,0.9584026622296173,0.9186602870813397,0.9141747322537556,0.05779719352722168
31,73,chi2,10,0.8598870056497175,0.8686244204018547,0.9351081530782029,0.9006410256410257,0.8889351081530782,0.0037529468536376953
31,73,mutual_info,10,0.8598870056497175,0.8744113029827315,0.9267886855241264,0.8998384491114702,0.8955174474467437,0.006060123443603516
31,73,rfe,10,0.8632768361581921,0.871517027863777,0.9367720465890182,0.9029671210906175,0.9057058658105037,0.0038270950317382812
31,73,rfecv,30,0.8847457627118644,0.884437596302003,0.9550748752079867,0.9184,0.9128037777413232,0.009399175643920898
31,73,l1,27,0.8836158192090395,0.8819018404907976,0.956738768718802,0.9177972865123704,0.9140927093342082,0.007226705551147461
31,73,rf_topk,10,0.8610169491525423,0.8599397590361446,0.9500831946755408,0.9027667984189723,0.8958953387546575,0.004111051559448242
31,73,rf_median,18,0.8723163841807909,0.8663663663663663,0.9600665557404326,0.9108129439621152,0.9038808558505778,0.0060460567474365234
32,74,baseline,36,0.8892655367231639,0.8923556942277691,0.9517470881863561,0.9210950080515298,0.9329169693702983,0.0567929744720459
32,74,variance_threshold,36,0.8892655367231639,0.8923556942277691,0.9517470881863561,0.9210950080515298,0.9329169693702983,0.056799888610839844
32,74,chi2,10,0.8508474576271187,0.8692913385826772,0.9184692179700499,0.8932038834951457,0.9132871270886551,0.003670930862426758
32,74,mutual_info,10,0.864406779661017,0.8717156105100463,0.9384359400998337,0.9038461538461539,0.9149129385296806,0.00691676139831543
32,74,rfe,10,0.880225988700565,0.896,0.9317803660565723,0.9135399673735726,0.9227812800262474,0.0039038658142089844
32,74,rfecv,29,0.8870056497175142,0.892018779342723,0.9484193011647255,0.9193548387096774,0.9323779616132737,0.008439064025878906
32,74,l1,25,0.8836158192090395,0.8927444794952681,0.9417637271214643,0.9165991902834008,0.9323545264934031,0.006853818893432617
32,74,rf_topk,10,0.8610169491525423,0.8665644171779141,0.940099833610649,0.9018355945730248,0.912856506761032,0.004145145416259766
32,74,rf_median,18,0.8745762711864407,0.8828125,0.940099833610649,0.9105560032232071,0.9272456703616039,0.005766868591308594
33,75,baseline,36,0.8723163841807909,0.8765432098765432,0.9450915141430949,0.9095276220976781,0.9168932061587495,0.05855107307434082
33,75,variance_threshold,36,0.8723163841807909,0.8765432098765432,0.9450915141430949,0.9095276220976781,0.9168932061587495,0.06375002861022949
33,75,chi2,10,0.8508474576271187,0.8580152671755725,0.9351081530782029,0.8949044585987261,0.8983706732909938,0.0035440921783447266
33,75,mutual_info,10,0.8610169491525423,0.8610271903323263,0.9484193011647255,0.9026128266033254,0.8924708818635609,0.00711822509765625
33,75,rfe,10,0.8576271186440678,0.8670788253477589,0.9334442595673876,0.8990384615384616,0.9081958472967591,0.0036559104919433594
33,75,rfecv,32,0.8711864406779661,0.8775193798449612,0.9417637271214643,0.9085072231139647,0.9172798856366151,0.009486913681030273
33,75,l1,26,0.8711864406779661,0.8751926040061633,0.9450915141430949,0.9088,0.9166119847203018,0.007383108139038086
33,75,rf_topk,10,0.8666666666666667,0.8620689655172413,0.956738768718802,0.9069400630914827,0.8913957957394953,0.004096031188964844
33,75,rf_median,18,0.8677966101694915,0.8677811550151976,0.9500831946755408,0.9070691024622717,0.908591314944576,0.006161928176879883
34,76,baseline,36,0.8621468926553673,0.8713178294573644,0.9351081530782029,0.9020866773675762,0.9022521150195683,0.05143380165100098
34,76,variance_threshold,36,0.8621468926553673,0.8713178294573644,0.9351081530782029,0.9020866773675762,0.9022521150195683,0.05014610290527344
34,76,chi2,10,0.8271186440677966,0.846749226006192,0.9101497504159733,0.8773055332798717,0.884722645356331,0.003699064254760742
34,76,mutual_info,10,0.8406779661016949,0.844311377245509,0.9384359400998337,0.8888888888888888,0.8905374844742331,0.0061948299407958984
34,76,rfe,10,0.8519774011299435,0.8683385579937304,0.9217970049916805,0.8942695722356739,0.9037812565911275,0.0036859512329101562
34,76,rfecv,31,0.8598870056497175,0.8720748829953198,0.930116472545757,0.9001610305958132,0.9004417520095616,0.008645057678222656
34,76,l1,28,0.8632768361581921,0.8726708074534162,0.9351081530782029,0.9028112449799197,0.9030723442150407,0.008065938949584961
34,76,rf_topk,10,0.8293785310734463,0.8560126582278481,0.9001663893510815,0.8775344687753447,0.8875114246209369,0.0039370059967041016
34,76,rf_median,18,0.8531073446327684,0.8617511520737328,0.9334442595673876,0.8961661341853036,0.9000492137517282,0.005674839019775391
35,77,baseline,36,0.8553672316384181,0.8514115898959881,0.9534109816971714,0.8995290423861853,0.8985845187598134,0.04689621925354004
35,77,variance_threshold,36,0.8553672316384181,0.8514115898959881,0.9534109816971714,0.8995290423861853,0.8985845187598134,0.046720027923583984
35,77,chi2,10,0.8248587570621468,0.8318452380952381,0.930116472545757,0.8782403770620582,0.859081694827869,0.0038750171661376953
35,77,mutual_info,10,0.8282485875706215,0.8386123680241327,0.9251247920133111,0.879746835443038,0.8572537554779593,0.006132841110229492
35,77,rfe,10,0.8440677966101695,0.8439821693907875,0.9450915141430949,0.8916797488226059,0.875808511635537,0.004094839096069336
35,77,rfecv,36,0.8553672316384181,0.8514115898959881,0.9534109816971714,0.8995290423861853,0.8985845187598134,0.01140284538269043
35,77,l1,28,0.8497175141242937,0.8471810089020771,0.9500831946755408,0.8956862745098039,0.8979927819830799,0.00813913345336914
35,77,rf_topk,10,0.8406779661016949,0.829512893982808,0.9633943427620633,0.8914549653579676,0.8580944904033184,0.0042498111724853516
35,77,rf_median,18,0.8519774011299435,0.8395953757225434,0.9667221297836939,0.8986852281515855,0.8752138454688196,0.005707979202270508
36,78,baseline,36,0.8734463276836159,0.8744257274119449,0.9500831946755408,0.9106858054226475,0.9257575402498184,0.05298805236816406
36,78,variance_threshold,36,0.8734463276836159,0.8744257274119449,0.9500831946755408,0.9106858054226475,0.9257575402498184,0.05276989936828613
36,78,chi2,10,0.847457627118644,0.853030303030303,0.9367720465890182,0.8929421094369548,0.9129238827306602,0.003437042236328125
36,78,mutual_info,10,0.8564971751412429,0.8634969325153374,0.9367720465890182,0.8986432561851556,0.9185453821096294,0.0058209896087646484
36,78,rfe,10,0.8745762711864407,0.8792569659442725,0.9450915141430949,0.9109863672814755,0.9216769000023434,0.003772735595703125
36,78,rfecv,35,0.8734463276836159,0.8744257274119449,0.9500831946755408,0.9106858054226475,0.9244451735370627,0.009728193283081055
36,78,l1,28,0.8745762711864407,0.8746177370030581,0.9517470881863561,0.9115537848605577,0.9270083897729137,0.008334159851074219
36,78,rf_topk,10,0.8632768361581921,0.8519061583577713,0.9667221297836939,0.9056897895557288,0.9192308593658456,0.004348278045654297
36,78,rf_median,18,0.8734463276836159,0.8687782805429864,0.9584026622296173,0.9113924050632911,0.9202092756204449,0.005645036697387695
37,79,baseline,36,0.8790960451977401,0.8859375,0.9434276206322796,0.9137792103142627,0.9156921562653794,0.05562186241149902
37,79,variance_threshold,36,0.8790960451977401,0.8859375,0.9434276206322796,0.9137792103142627,0.9156921562653794,0.056159019470214844
37,79,chi2,10,0.8406779661016949,0.8616352201257862,0.9118136439267887,0.8860145513338723,0.8938857772257505,0.0038509368896484375
37,79,mutual_info,10,0.8451977401129943,0.8717948717948718,0.9051580698835274,0.8881632653061224,0.8961033254435096,0.006029844284057617
37,79,rfe,10,0.8677966101694915,0.8793103448275862,0.9334442595673876,0.9055690072639225,0.9106477467132246,0.00400996208190918
37,79,rfecv,32,0.8745762711864407,0.8804347826086957,0.9434276206322796,0.9108433734939759,0.9173384734362917,0.00928497314453125
37,79,l1,25,0.8779661016949153,0.8845553822152886,0.9434276206322796,0.9130434782608695,0.915387499707061,0.007272958755493164
37,79,rf_topk,10,0.8610169491525423,0.8599397590361446,0.9500831946755408,0.9027667984189723,0.8993813128354152,0.004054069519042969
37,79,rf_median,18,0.8768361581920904,0.8773006134969326,0.9517470881863561,0.9130087789305666,0.9150711255888075,0.006088972091674805
38,80,baseline,36,0.8768361581920904,0.883177570093458,0.9434276206322796,0.912308930008045,0.925195097372923,0.06523895263671875
38,80,variance_threshold,36,0.8768361581920904,0.883177570093458,0.9434276206322796,0.912308930008045,0.925195097372923,0.06415271759033203
38,80,chi2,10,0.8542372881355932,0.86875,0.9251247920133111,0.8960515713134569,0.9028497105762696,0.003818988800048828
38,80,mutual_info,10,0.8677966101694915,0.8622754491017964,0.9584026622296173,0.9078014184397163,0.9031660846945232,0.006634950637817383
38,80,rfe,10,0.8610169491525423,0.8699690402476781,0.9351081530782029,0.9013632718524459,0.9186010405193222,0.004013776779174805
38,80,rfecv,29,0.8734463276836159,0.8814352574102964,0.940099833610649,0.9098228663446055,0.9251716622530524,0.008697748184204102
38,80,l1,26,0.8779661016949153,0.8857589984350548,0.9417637271214643,0.9129032258064517,0.9247029598556398,0.0071218013763427734
38,80,rf_topk,10,0.8734463276836159,0.8665667166416792,0.961730449251248,0.9116719242902208,0.9004065993297556,0.004198789596557617
38,80,rf_median,18,0.8745762711864407,0.8757668711656442,0.9500831946755408,0.9114126097366321,0.9126983197019053,0.006036043167114258
39,81,baseline,36,0.8779661016949153,0.8833592534992224,0.9450915141430949,0.9131832797427653,0.9191957066860397,0.05261707305908203
39,81,variance_threshold,36,0.8779661016949153,0.8833592534992224,0.9450915141430949,0.9131832797427653,0.9191957066860397,0.052529096603393555
39,81,chi2,10,0.8587570621468926,0.8753943217665615,0.9234608985024958,0.8987854251012146,0.8944130674228399,0.0035457611083984375
39,81,mutual_info,10,0.8564971751412429,0.8761904761904762,0.9184692179700499,0.8968318440292445,0.9032070961542968,0.0061969757080078125
39,81,rfe,10,0.8677966101694915,0.8793103448275862,0.9334442595673876,0.9055690072639225,0.9109699796114457,0.0038361549377441406
39,81,rfecv,27,0.8790960451977401,0.8847352024922118,0.9450915141430949,0.913917940466613,0.9184223477303086,0.007842779159545898
39,81,l1,27,0.880225988700565,0.8873239436619719,0.9434276206322796,0.9145161290322581,0.920361603899604,0.007563114166259766
39,81,rf_topk,10,0.8700564971751412,0.8704268292682927,0.9500831946755408,0.9085123309466985,0.9071090436127581,0.004225015640258789
39,81,rf_median,18,0.8824858757062147,0.8805513016845329,0.956738768718802,0.9170653907496013,0.9097220594783342,0.00622105598449707
40,82,baseline,36,0.8666666666666667,0.8744186046511628,0.9384359400998337,0.9052969502407705,0.9223887417684141,0.057804107666015625
40,82,variance_threshold,36,0.8666666666666667,0.8744186046511628,0.9384359400998337,0.9052969502407705,0.9223887417684141,0.05936408042907715
40,82,chi2,10,0.831638418079096,0.845565749235474,0.9201331114808652,0.8812749003984064,0.8949550045698483,0.003976106643676758
40,82,mutual_info,10,0.8418079096045198,0.8584758942457231,0.9184692179700499,0.887459807073955,0.9005706451688501,0.006911039352416992
40,82,rfe,10,0.8553672316384181,0.8712715855572999,0.9234608985024958,0.8966074313408724,0.9185922523493708,0.0036690235137939453
40,82,rfecv,28,0.8621468926553673,0.8690292758089369,0.9384359400998337,0.9024,0.9211642567551733,0.008378982543945312
40,82,l1,24,0.8632768361581921,0.8726708074534162,0.9351081530782029,0.9028112449799197,0.921603665252748,0.006901979446411133
40,82,rf_topk,10,0.8338983050847457,0.8546875,0.9101497504159733,0.8815471394037067,0.8991352440767735,0.0042650699615478516
40,82,rf_median,18,0.8564971751412429,0.8569277108433735,0.9467554076539102,0.899604743083004,0.9145731292915562,0.006209850311279297
41,83,baseline,36,0.8983050847457628,0.9049128367670365,0.9500831946755408,0.926948051948052,0.941716856881723,0.05515003204345703
41,83,variance_threshold,36,0.8983050847457628,0.9049128367670365,0.9500831946755408,0.926948051948052,0.941716856881723,0.054635047912597656
41,83,chi2,10,0.8632768361581921,0.871517027863777,0.9367720465890182,0.9029671210906175,0.9110432143610414,0.003767728805541992
41,83,mutual_info,10,0.8677966101694915,0.8841269841269841,0.9267886855241264,0.9049553208773355,0.913459961097701,0.00586700439453125
41,83,rfe,10,0.8983050847457628,0.9088,0.9450915141430949,0.9265905383360522,0.9368687164584848,0.0037288665771484375
41,83,rfecv,30,0.8983050847457628,0.9074960127591707,0.9467554076539102,0.9267100977198697,0.9417402920015936,0.009252786636352539
41,83,l1,25,0.8971751412429378,0.9047619047619048,0.9484193011647255,0.9260763606823721,0.9413770476435986,0.0071430206298828125
41,83,rf_topk,10,0.8779661016949153,0.8751902587519026,0.956738768718802,0.9141494435612083,0.9127627662815495,0.004374980926513672
41,83,rf_median,18,0.8937853107344633,0.8979591836734694,0.9517470881863561,0.9240710823909531,0.9321963394342763,0.005852937698364258
42,84,baseline,36,0.8836158192090395,0.8772727272727273,0.9633943427620633,0.9183187946074544,0.9172212978369384,0.05866074562072754
42,84,variance_threshold,36,0.8836158192090395,0.8772727272727273,0.9633943427620633,0.9183187946074544,0.9172212978369384,0.05780196189880371
42,84,chi2,10,0.8451977401129943,0.8473053892215568,0.9417637271214643,0.8920409771473601,0.8935283916477232,0.0036270618438720703
42,84,mutual_info,10,0.8519774011299435,0.8435672514619883,0.9600665557404326,0.8980544747081712,0.8963376766422161,0.006457090377807617
42,84,rfe,10,0.864406779661017,0.869431643625192,0.9417637271214643,0.9041533546325878,0.9144295891823485,0.003706693649291992
42,84,rfecv,32,0.8813559322033898,0.8768996960486323,0.9600665557404326,0.9166004765687054,0.9165533969206252,0.009402036666870117
42,84,l1,27,0.8790960451977401,0.8742424242424243,0.9600665557404326,0.9151467089611419,0.9166705725199785,0.007606029510498047
42,84,rf_topk,10,0.8576271186440678,0.8477306002928258,0.9633943427620633,0.9018691588785047,0.892344918094256,0.0040891170501708984
42,84,rf_median,18,0.8779661016949153,0.8695652173913043,0.9650582362728786,0.9148264984227129,0.9095052846195308,0.0061190128326416016
43,85,baseline,36,0.8757062146892656,0.8736681887366818,0.9550748752079867,0.9125596184419714,0.9232792763234985,0.03972196578979492
43,85,variance_threshold,36,0.8757062146892656,0.8736681887366818,0.9550748752079867,0.9125596184419714,0.9232792763234985,0.03927421569824219
43,85,chi2,10,0.8508474576271187,0.8558421851289834,0.9384359400998337,0.8952380952380953,0.9019738229711044,0.0036330223083496094
43,85,mutual_info,10,0.8666666666666667,0.8556701030927835,0.9667221297836939,0.9078125,0.9050321061142227,0.0062639713287353516
43,85,rfe,10,0.8655367231638418,0.8629518072289156,0.9534109816971714,0.9059288537549407,0.9228457266058916,0.003782033920288086
43,85,rfecv,28,0.8711864406779661,0.8706240487062404,0.9517470881863561,0.9093799682034976,0.9234140282627545,0.007667064666748047
43,85,l1,30,0.8768361581920904,0.8761467889908257,0.9534109816971714,0.9131474103585657,0.9233964519228515,0.008383989334106445
43,85,rf_topk,10,0.8610169491525423,0.8504398826979472,0.9650582362728786,0.9041309431021044,0.9026915235171428,0.0042002201080322266
43,85,rf_median,18,0.8734463276836159,0.8643815201192251,0.9650582362728786,0.9119496855345912,0.9149773851093248,0.005681037902832031
44,86,baseline,36,0.8689265536723164,0.8794992175273866,0.9351081530782029,0.9064516129032258,0.9100208572566848,0.048879146575927734
44,86,variance_threshold,36,0.8689265536723164,0.8794992175273866,0.9351081530782029,0.9064516129032258,0.9100208572566848,0.04853701591491699
44,86,chi2,10,0.847457627118644,0.8629283489096573,0.9217970049916805,0.8913917940466614,0.8863455274073727,0.0037848949432373047
44,86,mutual_info,10,0.8610169491525423,0.8621212121212121,0.9467554076539102,0.9024583663758922,0.8963698999320382,0.005898237228393555
44,86,rfe,10,0.8632768361581921,0.875,0.9317803660565723,0.9024979854955681,0.9040741955895104,0.0035920143127441406
44,86,rfecv,31,0.8700564971751412,0.8785046728971962,0.9384359400998337,0.9074818986323411,0.9118663729464977,0.009038925170898438
44,86,l1,28,0.8666666666666667,0.8779342723004695,0.9334442595673876,0.9048387096774193,0.9105305711138713,0.007930994033813477
44,86,rf_topk,10,0.8564971751412429,0.8547904191616766,0.9500831946755408,0.8999211977935382,0.8862927983876638,0.004230976104736328
44,86,rf_median,18,0.8632768361581921,0.8636363636363636,0.9484193011647255,0.9040444091990484,0.9002835649504347,0.005755186080932617
45,87,baseline,36,0.8779661016949153,0.8717948717948718,0.961730449251248,0.9145569620253164,0.9007229734480091,0.0545649528503418
45,87,variance_threshold,36,0.8779661016949153,0.8717948717948718,0.961730449251248,0.9145569620253164,0.9007229734480091,0.054311275482177734
45,87,chi2,10,0.8451977401129943,0.850453172205438,0.9367720465890182,0.8915281076801267,0.8819778069414825,0.0037140846252441406
45,87,mutual_info,10,0.8542372881355932,0.8586626139817629,0.940099833610649,0.897537728355838,0.882379133369267,0.005895853042602539
45,87,rfe,10,0.8700564971751412,0.8681818181818182,0.9534109816971714,0.908802537668517,0.898695835579199,0.003856182098388672
45,87,rfecv,29,0.8757062146892656,0.8702865761689291,0.9600665557404326,0.9129746835443038,0.8989301867779053,0.008551836013793945
45,87,l1,27,0.8790960451977401,0.8719879518072289,0.9633943427620633,0.9154150197628459,0.9014670385039019,0.006860017776489258
45,87,rf_topk,10,0.8463276836158192,0.8582434514637904,0.9267886855241264,0.8912,0.878301422511776,0.00425410270690918
45,87,rf_median,18,0.8723163841807909,0.8652694610778443,0.961730449251248,0.9109535066981875,0.8941377047643598,0.006083250045776367
46,88,baseline,36,0.8824858757062147,0.8913385826771654,0.9417637271214643,0.9158576051779935,0.9273569871809895,0.05358695983886719
46,88,variance_threshold,36,0.8824858757062147,0.8913385826771654,0.9417637271214643,0.9158576051779935,0.9273569871809895,0.054720163345336914
46,88,chi2,10,0.8508474576271187,0.8692913385826772,0.9184692179700499,0.8932038834951457,0.8951424855288136,0.0038352012634277344
46,88,mutual_info,10,0.8768361581920904,0.884375,0.9417637271214643,0.9121676067687349,0.9080757423074219,0.005939006805419922
46,88,rfe,10,0.8745762711864407,0.8926282051282052,0.9267886855241264,0.9093877551020408,0.919225000585878,0.0037958621978759766
46,88,rfecv,29,0.8847457627118644,0.8941548183254344,0.9417637271214643,0.9173419773095624,0.9266012045651614,0.00841665267944336
46,88,l1,28,0.8847457627118644,0.8954041204437401,0.940099833610649,0.9172077922077922,0.9271812237819597,0.007816076278686523
46,88,rf_topk,10,0.8779661016949153,0.8763358778625954,0.9550748752079867,0.9140127388535032,0.8976529727449556,0.004214048385620117
46,88,rf_median,18,0.8768361581920904,0.8855799373040752,0.940099833610649,0.9120258272800645,0.909692765578496,0.005587100982666016
47,89,baseline,36,0.8858757062146893,0.8955696202531646,0.9417637271214643,0.9180859691808597,0.9378734972229383,0.0502321720123291
47,89,variance_threshold,36,0.8858757062146893,0.8955696202531646,0.9417637271214643,0.9180859691808597,0.9378734972229383,0.04968595504760742
47,89,chi2,10,0.8519774011299435,0.873015873015873,0.9151414309484193,0.8935824532900081,0.9103870310046636,0.0037648677825927734
47,89,mutual_info,10,0.8779661016949153,0.8857589984350548,0.9417637271214643,0.9129032258064517,0.9257048112301094,0.005991935729980469
47,89,rfe,10,0.8779661016949153,0.8906497622820919,0.9351081530782029,0.9123376623376623,0.9323310913735325,0.003948211669921875
47,89,rfecv,35,0.8892655367231639,0.8960629921259843,0.9467554076539102,0.9207119741100324,0.9367134587893416,0.010140180587768555
47,89,l1,26,0.8858757062146893,0.8955696202531646,0.9417637271214643,0.9180859691808597,0.9378617796630031,0.007251262664794922
47,89,rf_topk,10,0.8587570621468926,0.8814102564102564,0.9151414309484193,0.8979591836734694,0.910155609195941,0.0039081573486328125
47,89,rf_median,18,0.8824858757062147,0.8888888888888888,0.9450915141430949,0.9161290322580645,0.9289915867919665,0.005738973617553711
48,90,baseline,36,0.8745762711864407,0.8804347826086957,0.9434276206322796,0.9108433734939759,0.9103196550350355,0.051534175872802734
48,90,variance_threshold,36,0.8745762711864407,0.8804347826086957,0.9434276206322796,0.9108433734939759,0.9103196550350355,0.05080604553222656
48,90,chi2,10,0.8553672316384181,0.8712715855572999,0.9234608985024958,0.8966074313408724,0.8895121979798928,0.003834962844848633
48,90,mutual_info,10,0.8632768361581921,0.875,0.9317803660565723,0.9024979854955681,0.8917443931475709,0.006189823150634766
48,90,rfe,10,0.8745762711864407,0.8780864197530864,0.9467554076539102,0.911128903122498,0.9091596166014388,0.003917217254638672
48,90,rfecv,27,0.8745762711864407,0.881619937694704,0.9417637271214643,0.910699919549477,0.9112629186098287,0.0076580047607421875
48,90,l1,27,0.8768361581920904,0.883177570093458,0.9434276206322796,0.912308930008045,0.9109348269316397,0.008145809173583984
48,90,rf_topk,10,0.864406779661017,0.8627450980392157,0.9517470881863561,0.9050632911392406,0.8865564434862085,0.004241228103637695
48,90,rf_median,18,0.8700564971751412,0.8738461538461538,0.9450915141430949,0.9080735411670664,0.8956961402357573,0.005773067474365234
49,91,baseline,36,0.8621468926553673,0.8701700154559505,0.9367720465890182,0.9022435897435898,0.9084331278854492,0.050074100494384766
49,91,variance_threshold,36,0.8621468926553673,0.8701700154559505,0.9367720465890182,0.9022435897435898,0.9084331278854492,0.04998898506164551
49,91,chi2,10,0.8418079096045198,0.8551617873651772,0.9234608985024958,0.888,0.8906282955637318,0.0038208961486816406
49,91,mutual_info,10,0.8451977401129943,0.850453172205438,0.9367720465890182,0.8915281076801267,0.881986595111434,0.006383657455444336
49,91,rfe,10,0.8542372881355932,0.867601246105919,0.9267886855241264,0.8962188254223652,0.8996127346441376,0.003902435302734375
49,91,rfecv,28,0.8621468926553673,0.8736349453978159,0.9317803660565723,0.9017713365539453,0.9093353800004688,0.008233308792114258
49,91,l1,31,0.8632768361581921,0.8726708074534162,0.9351081530782029,0.9028112449799197,0.9083042347261607,0.009012937545776367
49,91,rf_topk,10,0.8463276836158192,0.8475336322869955,0.9434276206322796,0.8929133858267716,0.882519744088491,0.0041217803955078125
49,91,rf_median,18,0.848587570621469,0.8564885496183207,0.9334442595673876,0.893312101910828,0.8952977431979565,0.005917072296142578
50,92,baseline,36,0.8790960451977401,0.8811728395061729,0.9500831946755408,0.9143314651721377,0.9225176349277027,0.048995018005371094
50,92,variance_threshold,36,0.8790960451977401,0.8811728395061729,0.9500831946755408,0.9143314651721377,0.9225176349277027,0.04892325401306152
50,92,chi2,10,0.8655367231638418,0.8640483383685801,0.9517470881863561,0.9057798891528107,0.906956715333599,0.0038042068481445312
50,92,mutual_info,10,0.8655367231638418,0.8753894080996885,0.9351081530782029,0.9042638777152051,0.9122647699842984,0.0059051513671875
50,92,rfe,10,0.8734463276836159,0.8790697674418605,0.9434276206322796,0.9101123595505618,0.9167203721497035,0.003826141357421875
50,92,rfecv,22,0.880225988700565,0.8790199081163859,0.9550748752079867,0.9154704944178629,0.9196526915235171,0.006711244583129883
50,92,l1,28,0.8768361581920904,0.8819875776397516,0.9450915141430949,0.9124497991967871,0.9234550397225282,0.007633209228515625
50,92,rf_topk,10,0.8768361581920904,0.8660714285714286,0.9683860232945092,0.9143754909662215,0.9167057251997843,0.004400968551635742
50,92,rf_median,18,0.8824858757062147,0.8748114630467572,0.9650582362728786,0.9177215189873418,0.9191136837664925,0.005969047546386719
51,93,baseline,36,0.8677966101694915,0.8677811550151976,0.9500831946755408,0.9070691024622717,0.9094174029200159,0.05704236030578613
51,93,variance_threshold,36,0.8677966101694915,0.8677811550151976,0.9500831946755408,0.9070691024622717,0.9094174029200159,0.05826687812805176
51,93,chi2,10,0.8463276836158192,0.8506787330316742,0.9384359400998337,0.8924050632911392,0.8848193152257975,0.00415802001953125
51,93,mutual_info,10,0.8553672316384181,0.8514115898959881,0.9534109816971714,0.8995290423861853,0.8950428862693632,0.006062984466552734
51,93,rfe,10,0.8587570621468926,0.8650306748466258,0.9384359400998337,0.9002394253790902,0.9058523353096952,0.004049777984619141
51,93,rfecv,31,0.8700564971751412,0.8704268292682927,0.9500831946755408,0.9085123309466985,0.9083393874059666,0.009161949157714844
51,93,l1,29,0.8689265536723164,0.8702290076335878,0.9484193011647255,0.9076433121019108,0.9091478990415036,0.007321834564208984
51,93,rf_topk,10,0.8508474576271187,0.849478390461997,0.9484193011647255,0.8962264150943396,0.8908743643223734,0.00436091423034668
51,93,rf_median,18,0.8553672316384181,0.8545727136431784,0.9484193011647255,0.8990536277602523,0.8962117128729113,0.005828857421875
52,94,baseline,36,0.8519774011299435,0.8660436137071651,0.9251247920133111,0.8946098149637972,0.9012092521853249,0.05077004432678223
52,94,variance_threshold,36,0.8519774011299435,0.8660436137071651,0.9251247920133111,0.8946098149637972,0.9012092521853249,0.050878047943115234
52,94,chi2,10,0.8248587570621468,0.8462732919254659,0.9068219633943427,0.8755020080321285,0.8744756391928944,0.0034978389739990234
52,94,mutual_info,10,0.8248587570621468,0.8528481012658228,0.8968386023294509,0.8742903487429035,0.8703188348058402,0.0060579776763916016
52,94,rfe,10,0.847457627118644,0.8595679012345679,0.9267886855241264,0.8919135308246597,0.8932266644793889,0.003947019577026367
52,94,rfecv,33,0.8508474576271187,0.864696734059098,0.9251247920133111,0.8938906752411575,0.8984556256005249,0.009455204010009766
52,94,l1,24,0.8429378531073446,0.8575851393188855,0.9217970049916805,0.888532477947073,0.8981744041620773,0.005952119827270508
52,94,rf_topk,10,0.8327683615819209,0.833578792341679,0.9417637271214643,0.884375,0.8694546647606103,0.004314899444580078
52,94,rf_median,18,0.8463276836158192,0.8517397881996974,0.9367720465890182,0.8922345483359746,0.8901713107262543,0.006159067153930664
53,95,baseline,36,0.8779661016949153,0.877488514548239,0.9534109816971714,0.9138755980861244,0.9247908415551546,0.05240583419799805
53,95,variance_threshold,36,0.8779661016949153,0.877488514548239,0.9534109816971714,0.9138755980861244,0.9247908415551546,0.053192853927612305
53,95,chi2,10,0.8463276836158192,0.8528072837632777,0.9351081530782029,0.8920634920634921,0.8930479716903752,0.003719329833984375
53,95,mutual_info,10,0.8621468926553673,0.8678955453149002,0.940099833610649,0.902555910543131,0.8949872278596704,0.006279945373535156
53,95,rfe,10,0.8666666666666667,0.8721109399075501,0.9417637271214643,0.9056,0.9208390944669682,0.003993034362792969
53,95,rfecv,30,0.8734463276836159,0.8767334360554699,0.9467554076539102,0.9104,0.9233788755829486,0.009047746658325195
53,95,l1,26,0.8734463276836159,0.8732824427480916,0.9517470881863561,0.910828025477707,0.9246560896158984,0.0073888301849365234
53,95,rf_topk,10,0.8576271186440678,0.8518518518518519,0.956738768718802,0.9012539184952978,0.8979986407630476,0.0042591094970703125
53,95,rf_median,18,0.8757062146892656,0.8714069591527988,0.9584026622296173,0.9128367670364501,0.915422652386867,0.005778074264526367
54,96,baseline,36,0.8677966101694915,0.8666666666666667,0.9517470881863561,0.9072164948453608,0.8971784115675752,0.048422813415527344
54,96,variance_threshold,36,0.8677966101694915,0.8666666666666667,0.9517470881863561,0.9072164948453608,0.8971784115675752,0.04832196235656738
54,96,chi2,10,0.8395480225988701,0.8482549317147192,0.930116472545757,0.8873015873015873,0.8726916406927423,0.0037479400634765625
54,96,mutual_info,10,0.848587570621469,0.8438880706921944,0.9534109816971714,0.8953125,0.8801674439314757,0.006680727005004883
54,96,rfe,10,0.8564971751412429,0.8634969325153374,0.9367720465890182,0.8986432561851556,0.8910061868716458,0.003787994384765625
54,96,rfecv,34,0.8655367231638418,0.8651515151515151,0.9500831946755408,0.9056304520222046,0.8948876286002204,0.009875059127807617
54,96,l1,28,0.8621468926553673,0.8634294385432474,0.9467554076539102,0.9031746031746032,0.8957605868154016,0.008162736892700195
54,96,rf_topk,10,0.8463276836158192,0.8404099560761347,0.9550748752079867,0.8940809968847352,0.87871739588948,0.00439000129699707
54,96,rf_median,18,0.8610169491525423,0.8567164179104477,0.9550748752079867,0.9032258064516129,0.8818401256122425,0.005815744400024414
55,97,baseline,36,0.8564971751412429,0.8691588785046729,0.9284525790349417,0.8978278358809332,0.8976178200651495,0.03753805160522461
55,97,variance_threshold,35,0.8564971751412429,0.8691588785046729,0.9284525790349417,0.8978278358809332,0.8976119612851821,0.03686404228210449
55,97,chi2,10,0.8169491525423729,0.8424336973478939,0.8985024958402662,0.8695652173913043,0.8587887558294861,0.003551959991455078
55,97,mutual_info,10,0.8124293785310734,0.8457869634340223,0.8851913477537438,0.865040650406504,0.8601099107121932,0.005774259567260742
55,97,rfe,10,0.847457627118644,0.8652037617554859,0.9184692179700499,0.8910411622276029,0.8898315014881302,0.0038900375366210938
55,97,rfecv,33,0.8542372881355932,0.867601246105919,0.9267886855241264,0.8962188254223652,0.8958250333950459,0.008988142013549805
55,97,l1,26,0.8542372881355932,0.867601246105919,0.9267886855241264,0.8962188254223652,0.8980513697827566,0.007865190505981445
55,97,rf_topk,10,0.8384180790960452,0.8469696969696969,0.930116472545757,0.8865979381443299,0.8644805605680672,0.004498958587646484
55,97,rf_median,18,0.8463276836158192,0.8571428571428571,0.9284525790349417,0.8913738019169329,0.8795903541046612,0.006192922592163086
56,98,baseline,36,0.8779661016949153,0.8729198184568835,0.9600665557404326,0.9144215530903328,0.9110578613109607,0.05864691734313965
56,98,variance_threshold,36,0.8779661016949153,0.8729198184568835,0.9600665557404326,0.9144215530903328,0.9110578613109607,0.05779099464416504
56,98,chi2,10,0.8361581920903954,0.8465045592705167,0.9267886855241264,0.8848292295472597,0.8865945255559983,0.004037141799926758
56,98,mutual_info,10,0.848587570621469,0.844903988183161,0.9517470881863561,0.8951486697965572,0.8885689344050995,0.007141828536987305
56,98,rfe,10,0.8700564971751412,0.8726993865030674,0.9467554076539102,0.9082202713487629,0.9002015420308873,0.003805875778198242
56,98,rfecv,28,0.880225988700565,0.8755690440060698,0.9600665557404326,0.9158730158730158,0.9100208572566849,0.007407188415527344
56,98,l1,25,0.8757062146892656,0.8702865761689291,0.9600665557404326,0.9129746835443038,0.9081812003468398,0.006946086883544922
56,98,rf_topk,10,0.8372881355932204,0.8531684698608965,0.9184692179700499,0.8846153846153846,0.8872243444025216,0.0041272640228271484
56,98,rf_median,18,0.8677966101694915,0.8655589123867069,0.9534109816971714,0.9073634204275535,0.9027559700967871,0.005795717239379883
57,99,baseline,36,0.8700564971751412,0.8605341246290801,0.9650582362728786,0.9098039215686274,0.9032246724941999,0.0494229793548584
57,99,variance_threshold,36,0.8700564971751412,0.8605341246290801,0.9650582362728786,0.9098039215686274,0.9032246724941999,0.05025315284729004
57,99,chi2,10,0.8327683615819209,0.8345642540620384,0.940099833610649,0.8841940532081377,0.8765144946216401,0.003538846969604492
57,99,mutual_info,10,0.8406779661016949,0.8463855421686747,0.9351081530782029,0.8885375494071146,0.8829327880762111,0.0057752132415771484
57,99,rfe,10,0.8632768361581921,0.8614457831325302,0.9517470881863561,0.9043478260869565,0.9041708654589768,0.0038750171661376953
57,99,rfecv,23,0.8689265536723164,0.863568215892054,0.9584026622296173,0.9085173501577287,0.9040156077898339,0.006938934326171875
57,99,l1,27,0.8677966101694915,0.8601190476190477,0.961730449251248,0.9080911233307148,0.9040390429097045,0.007178068161010742
57,99,rf_topk,10,0.8531073446327684,0.8408104196816208,0.9667221297836939,0.8993808049535603,0.8790161936678306,0.004046201705932617
57,99,rf_median,18,0.8610169491525423,0.8504398826979472,0.9650582362728786,0.9041309431021044,0.8940908345246186,0.005915164947509766
58,100,baseline,36,0.8689265536723164,0.8702290076335878,0.9484193011647255,0.9076433121019108,0.9034648824728738,0.05219888687133789
58,100,variance_threshold,36,0.8689265536723164,0.8702290076335878,0.9484193011647255,0.9076433121019108,0.9034648824728738,0.05099630355834961
58,100,chi2,10,0.847457627118644,0.8584615384615385,0.9284525790349417,0.8920863309352518,0.8787877012490921,0.0038290023803710938
58,100,mutual_info,10,0.8418079096045198,0.8573643410852713,0.9201331114808652,0.8876404494382022,0.8847167865763633,0.0059871673583984375
58,100,rfe,10,0.8689265536723164,0.8771384136858476,0.9384359400998337,0.9067524115755627,0.904510674697101,0.0040531158447265625
58,100,rfecv,34,0.8677966101694915,0.8711656441717791,0.9450915141430949,0.9066241021548284,0.9032774015139088,0.009905815124511719
58,100,l1,28,0.8700564971751412,0.8715596330275229,0.9484193011647255,0.9083665338645418,0.9033828595533266,0.007586240768432617
58,100,rf_topk,10,0.8576271186440678,0.8508124076809453,0.9584026622296173,0.9014084507042254,0.8838906986009234,0.0042650699615478516
58,100,rf_median,18,0.8677966101694915,0.8666666666666667,0.9517470881863561,0.9072164948453608,0.8993344425956739,0.005780935287475586
59,101,baseline,36,0.8779661016949153,0.8786482334869432,0.9517470881863561,0.9137380191693291,0.9123350753439105,0.04311418533325195
59,101,variance_threshold,36,0.8779661016949153,0.8786482334869432,0.9517470881863561,0.9137380191693291,0.9123350753439105,0.04391002655029297
59,101,chi2,10,0.8384180790960452,0.8501529051987767,0.9251247920133111,0.8860557768924303,0.8899691828173701,0.0038030147552490234
59,101,mutual_info,10,0.8553672316384181,0.8632872503840245,0.9351081530782029,0.8977635782747604,0.8948993461601558,0.006283998489379883
59,101,rfe,10,0.8655367231638418,0.8685015290519877,0.9450915141430949,0.9051792828685259,0.9113068594595861,0.003950834274291992
59,101,rfecv,31,0.8768361581920904,0.8773006134969326,0.9517470881863561,0.9130087789305666,0.9122120409645895,0.009078025817871094
59,101,l1,28,0.880225988700565,0.880184331797235,0.9534109816971714,0.9153354632587859,0.9131435869794474,0.007573127746582031
59,101,rf_topk,10,0.848587570621469,0.865414710485133,0.9201331114808652,0.8919354838709678,0.887511424620937,0.004056215286254883
59,101,rf_median,18,0.8677966101694915,0.8655589123867069,0.9534109816971714,0.9073634204275535,0.9061130510182559,0.006292819976806641
60,102,baseline,36,0.8745762711864407,0.8723404255319149,0.9550748752079867,0.9118347895154885,0.9210119284760141,0.042842864990234375
60,102,variance_threshold,36,0.8745762711864407,0.8723404255319149,0.9550748752079867,0.9118347895154885,0.9210119284760141,0.04426002502441406
60,102,chi2,10,0.8531073446327684,0.8573596358118362,0.940099833610649,0.8968253968253969,0.9016603782428346,0.0036363601684570312
60,102,mutual_info,10,0.8666666666666667,0.8609865470852018,0.9584026622296173,0.9070866141732283,0.9096312483888356,0.0055201053619384766
60,102,rfe,10,0.8734463276836159,0.8721461187214612,0.9534109816971714,0.9109697933227345,0.9137118886363105,0.004012107849121094
60,102,rfecv,23,0.8768361581920904,0.8727272727272727,0.9584026622296173,0.9135606661379857,0.918141126291861,0.007297992706298828
60,102,l1,26,0.8757062146892656,0.8714069591527988,0.9584026622296173,0.9128367670364501,0.9215275011131683,0.006844997406005859
60,102,rf_topk,10,0.8632768361581921,0.8539823008849557,0.9633943427620633,0.9053948397185301,0.8974537742260552,0.0038101673126220703
60,102,rf_median,18,0.8745762711864407,0.8656716417910447,0.9650582362728786,0.912667191188041,0.9112336247099904,0.00590205192565918
61,103,baseline,36,0.8689265536723164,0.8736517719568567,0.9434276206322796,0.9072,0.9126221555623256,0.05750703811645508
61,103,variance_threshold,36,0.8689265536723164,0.8736517719568567,0.9434276206322796,0.9072,0.9126221555623256,0.0579831600189209
61,103,chi2,10,0.8225988700564971,0.8436532507739938,0.9068219633943427,0.8740978348035284,0.8753280916781889,0.003907918930053711
61,103,mutual_info,10,0.8553672316384181,0.8524590163934426,0.9517470881863561,0.89937106918239,0.8887300508542101,0.005875825881958008
61,103,rfe,10,0.8451977401129943,0.8625,0.9184692179700499,0.8896051571313457,0.897696913594713,0.004054069519042969
61,103,rfecv,28,0.8610169491525423,0.8699690402476781,0.9351081530782029,0.9013632718524459,0.9104075367345504,0.008244991302490234
61,103,l1,29,0.8677966101694915,0.8734567901234568,0.9417637271214643,0.9063250600480385,0.9125752853225846,0.0073931217193603516
61,103,rf_topk,10,0.8531073446327684,0.8509687034277198,0.9500831946755408,0.8977987421383647,0.8876110238803873,0.004266977310180664
61,103,rf_median,18,0.8621468926553673,0.8623298033282905,0.9484193011647255,0.9033280507131537,0.9066461999953129,0.005051851272583008
62,104,baseline,36,0.8847457627118644,0.8929133858267716,0.9434276206322796,0.9174757281553398,0.920156546600736,0.049072980880737305
62,104,variance_threshold,36,0.8847457627118644,0.8929133858267716,0.9434276206322796,0.9174757281553398,0.920156546600736,0.048400163650512695
62,104,chi2,10,0.8576271186440678,0.8728414442700158,0.9251247920133111,0.8982229402261712,0.8910530571113872,0.003840923309326172
62,104,mutual_info,10,0.8700564971751412,0.875,0.9434276206322796,0.9079263410728583,0.9026651590072884,0.0060160160064697266
62,104,rfe,10,0.8689265536723164,0.8830963665086888,0.930116472545757,0.9059967585089141,0.910741487192707,0.00399327278137207
62,104,rfecv,31,0.8858757062146893,0.8930817610062893,0.9450915141430949,0.9183508488278093,0.9183871950505027,0.008962869644165039
62,104,l1,28,0.8858757062146893,0.8943217665615142,0.9434276206322796,0.9182186234817814,0.9199339129619648,0.0081787109375
62,104,rf_topk,10,0.8734463276836159,0.8665667166416792,0.961730449251248,0.9116719242902208,0.8989770570176466,0.004147052764892578
62,104,rf_median,18,0.8790960451977401,0.8788343558282209,0.9534109816971714,0.9146049481245012,0.9045487567668907,0.005981922149658203
63,105,baseline,36,0.8734463276836159,0.8643815201192251,0.9650582362728786,0.9119496855345912,0.9180766797122167,0.045701026916503906
63,105,variance_threshold,36,0.8734463276836159,0.8643815201192251,0.9650582362728786,0.9119496855345912,0.9180766797122167,0.046065330505371094
63,105,chi2,10,0.8587570621468926,0.8628048780487805,0.9417637271214643,0.9005568814638027,0.8921925898150969,0.003770112991333008
63,105,mutual_info,10,0.8621468926553673,0.8678955453149002,0.940099833610649,0.902555910543131,0.8945155960722739,0.006102561950683594
63,105,rfe,10,0.8655367231638418,0.8640483383685801,0.9517470881863561,0.9057798891528107,0.9065026598861052,0.003896951675415039
63,105,rfecv,31,0.8768361581920904,0.8682634730538922,0.9650582362728786,0.9141055949566588,0.9184164889503409,0.009182214736938477
63,105,l1,27,0.8723163841807909,0.8630952380952381,0.9650582362728786,0.9112333071484682,0.9181001148320874,0.007158041000366211
63,105,rf_topk,10,0.8655367231638418,0.8523391812865497,0.9700499168053245,0.9073929961089494,0.8978756063837267,0.004314899444580078
63,105,rf_median,18,0.8768361581920904,0.8628318584070797,0.9733777038269551,0.9147771696637998,0.9081167537671955,0.006022930145263672
64,106,baseline,36,0.8779661016949153,0.8706766917293233,0.9633943427620633,0.9146919431279621,0.9219844859506456,0.04631495475769043
64,106,variance_threshold,36,0.8779661016949153,0.8706766917293233,0.9633943427620633,0.9146919431279621,0.9219844859506456,0.046948909759521484
64,106,chi2,10,0.8429378531073446,0.85,0.9334442595673876,0.8897700237906423,0.903221743104216,0.0034668445587158203
64,106,mutual_info,10,0.8621468926553673,0.8690292758089369,0.9384359400998337,0.9024,0.9038369150008203,0.006016731262207031
64,106,rfe,10,0.8779661016949153,0.8729198184568835,0.9600665557404326,0.9144215530903328,0.9145262590518151,0.0038738250732421875
64,106,rfecv,29,0.8779661016949153,0.8695652173913043,0.9650582362728786,0.9148264984227129,0.9211408216353026,0.00841379165649414
64,106,l1,26,0.8779661016949153,0.8695652173913043,0.9650582362728786,0.9148264984227129,0.9214571957535562,0.006926059722900391
64,106,rf_topk,10,0.8632768361581921,0.8498542274052479,0.9700499168053245,0.905982905982906,0.9029141571559139,0.004221916198730469
64,106,rf_median,18,0.880225988700565,0.8655834564254062,0.9750415973377704,0.917057902973396,0.9130029762602236,0.005898952484130859
65,107,baseline,36,0.8745762711864407,0.8840125391849529,0.9384359400998337,0.910411622276029,0.9123233577839751,0.06283187866210938
65,107,variance_threshold,36,0.8745762711864407,0.8840125391849529,0.9384359400998337,0.910411622276029,0.9123233577839751,0.0615689754486084
65,107,chi2,10,0.8463276836158192,0.8684627575277337,0.9118136439267887,0.8896103896103896,0.8801527969815567,0.0035681724548339844
65,107,mutual_info,10,0.8655367231638418,0.8662613981762918,0.9484193011647255,0.9054805401111994,0.8993725246654637,0.0062808990478515625
65,107,rfe,10,0.8723163841807909,0.88125,0.9384359400998337,0.9089443996776793,0.9066432706053291,0.0036971569061279297
65,107,rfecv,30,0.8711864406779661,0.8810641627543035,0.9367720465890182,0.9080645161290323,0.9106184528133862,0.009114742279052734
65,107,l1,29,0.8723163841807909,0.8824451410658307,0.9367720465890182,0.9087974172719936,0.9099271167772023,0.008509159088134766
65,107,rf_topk,10,0.8723163841807909,0.8696969696969697,0.9550748752079867,0.9103885804916733,0.8838848398209557,0.004228830337524414
65,107,rf_median,18,0.8677966101694915,0.8723076923076923,0.9434276206322796,0.9064748201438849,0.8965808160108739,0.006265878677368164
66,108,baseline,36,0.8790960451977401,0.8811728395061729,0.9500831946755408,0.9143314651721377,0.9144442361322678,0.05629301071166992
66,108,variance_threshold,36,0.8790960451977401,0.8811728395061729,0.9500831946755408,0.9143314651721377,0.9144442361322678,0.055819034576416016
66,108,chi2,10,0.8598870056497175,0.8791732909379968,0.9201331114808652,0.8991869918699187,0.8973278104567505,0.003512144088745117
66,108,mutual_info,10,0.8587570621468926,0.8814102564102564,0.9151414309484193,0.8979591836734694,0.9025567715778866,0.005825996398925781
66,108,rfe,10,0.8711864406779661,0.8822605965463108,0.9351081530782029,0.9079159935379645,0.9108791685219471,0.0039331912994384766
66,108,rfecv,31,0.880225988700565,0.8837209302325582,0.9484193011647255,0.9149277688603531,0.9135771366970542,0.00913095474243164
66,108,l1,27,0.8824858757062147,0.8864696734059098,0.9484193011647255,0.9163987138263665,0.9144969651519768,0.007081031799316406
66,108,rf_topk,10,0.8610169491525423,0.8688271604938271,0.9367720465890182,0.9015212169735789,0.9024161608586628,0.004241228103637695
66,108,rf_median,18,0.8745762711864407,0.8746177370030581,0.9517470881863561,0.9115537848605577,0.9056384898408756,0.006207942962646484
67,109,baseline,36,0.8779661016949153,0.8931419457735247,0.9317803660565723,0.9120521172638436,0.9296653464882473,0.04982709884643555
67,109,variance_threshold,36,0.8779661016949153,0.8931419457735247,0.9317803660565723,0.9120521172638436,0.9296653464882473,0.0488131046295166
67,109,chi2,10,0.8610169491525423,0.8793650793650793,0.9217970049916805,0.9000812347684809,0.9114503995687939,0.003748178482055664
67,109,mutual_info,10,0.8610169491525423,0.8842443729903537,0.9151414309484193,0.8994276369582993,0.9065290243959597,0.0064737796783447266
67,109,rfe,10,0.8734463276836159,0.8887122416534181,0.930116472545757,0.9089430894308943,0.9228574441658268,0.004148006439208984
67,109,rfecv,32,0.8813559322033898,0.8961661341853036,0.9334442595673876,0.9144254278728606,0.9286752126737129,0.009459972381591797
67,109,l1,24,0.8824858757062147,0.8963317384370016,0.9351081530782029,0.9153094462540716,0.9293899838297671,0.007143974304199219
67,109,rf_topk,10,0.8813559322033898,0.8803680981595092,0.9550748752079867,0.9162011173184358,0.9065348831759275,0.004235029220581055
67,109,rf_median,18,0.8734463276836159,0.8778979907264297,0.9450915141430949,0.9102564102564102,0.9217618523118746,0.005738019943237305
68,110,baseline,36,0.8723163841807909,0.8708206686930091,0.9534109816971714,0.9102462271644162,0.9097982236179136,0.04582405090332031
68,110,variance_threshold,36,0.8723163841807909,0.8708206686930091,0.9534109816971714,0.9102462271644162,0.9097982236179136,0.044800758361816406
68,110,chi2,10,0.8553672316384181,0.8610687022900764,0.9384359400998337,0.8980891719745223,0.8796137892245319,0.0038230419158935547
68,110,mutual_info,10,0.8621468926553673,0.8579970104633782,0.9550748752079867,0.9039370078740158,0.8955028004968245,0.0058269500732421875
68,110,rfe,10,0.864406779661017,0.8740279937791602,0.9351081530782029,0.9035369774919614,0.9048856366150314,0.003948211669921875
68,110,rfecv,36,0.8711864406779661,0.8706240487062404,0.9517470881863561,0.9093799682034976,0.9097689297180755,0.009824991226196289
68,110,l1,27,0.8723163841807909,0.8719512195121951,0.9517470881863561,0.9101034208432777,0.9096927655784959,0.008300065994262695
68,110,rf_topk,10,0.864406779661017,0.8584202682563339,0.9584026622296173,0.9056603773584906,0.8830646106254832,0.0042607784271240234
68,110,rf_median,18,0.8723163841807909,0.8685800604229608,0.956738768718802,0.9105304829770388,0.9012209697452602,0.005961894989013672
69,111,baseline,36,0.8734463276836159,0.8721461187214612,0.9534109816971714,0.9109697933227345,0.923906165780038,0.03839516639709473
69,111,variance_threshold,36,0.8734463276836159,0.8721461187214612,0.9534109816971714,0.9109697933227345,0.923906165780038,0.0376129150390625
69,111,chi2,10,0.8531073446327684,0.8552036199095022,0.9434276206322796,0.8971518987341772,0.8962410067727495,0.003871917724609375
69,111,mutual_info,10,0.8531073446327684,0.8606431852986217,0.9351081530782029,0.8963317384370016,0.896062313983736,0.0058040618896484375
69,111,rfe,10,0.8700564971751412,0.8693009118541033,0.9517470881863561,0.9086576648133439,0.916093482693164,0.003997087478637695
69,111,rfecv,28,0.8734463276836159,0.8744257274119449,0.9500831946755408,0.9106858054226475,0.9224004593283495,0.007399797439575195
69,111,l1,27,0.8745762711864407,0.8734756097560976,0.9534109816971714,0.9116945107398569,0.9232792763234983,0.0071909427642822266
69,111,rf_topk,10,0.8576271186440678,0.8487518355359766,0.961730449251248,0.9017160686427457,0.8983560263410748,0.004261970520019531
69,111,rf_median,18,0.8689265536723164,0.8657616892911011,0.9550748752079867,0.9082278481012658,0.9115792927280824,0.0056209564208984375
70,112,baseline,36,0.8542372881355932,0.8641975308641975,0.9317803660565723,0.8967173738991193,0.8973600337465727,0.05571794509887695
70,112,variance_threshold,36,0.8542372881355932,0.8641975308641975,0.9317803660565723,0.8967173738991193,0.8973600337465727,0.055110931396484375
70,112,chi2,10,0.8361581920903954,0.8573667711598746,0.9101497504159733,0.8829701372074253,0.8678991586791965,0.003763914108276367
70,112,mutual_info,10,0.8564971751412429,0.8590909090909091,0.9434276206322796,0.8992862807295797,0.8840518150500339,0.0059130191802978516
70,112,rfe,10,0.8542372881355932,0.8630769230769231,0.9334442595673876,0.8968824940047961,0.8898578659979846,0.0038299560546875
70,112,rfecv,29,0.8587570621468926,0.8695652173913043,0.9317803660565723,0.8995983935742972,0.8968678962292892,0.008482217788696289
70,112,l1,29,0.8519774011299435,0.8626543209876543,0.930116472545757,0.8951160928742994,0.8967272855100654,0.008576154708862305
70,112,rf_topk,10,0.8440677966101695,0.8450074515648286,0.9434276206322796,0.8915094339622641,0.8720501042862835,0.004282951354980469
70,112,rf_median,18,0.8564971751412429,0.8601823708206687,0.9417637271214643,0.8991262907069102,0.8887066157343394,0.0057408809661865234
71,113,baseline,36,0.880225988700565,0.8909952606635071,0.9384359400998337,0.9141004862236629,0.9213517377141385,0.05839371681213379
71,113,variance_threshold,36,0.880225988700565,0.8909952606635071,0.9384359400998337,0.9141004862236629,0.9213517377141385,0.05741596221923828
71,113,chi2,10,0.8564971751412429,0.8738170347003155,0.9217970049916805,0.897165991902834,0.9004124581097234,0.0038199424743652344
71,113,mutual_info,10,0.8587570621468926,0.8628048780487805,0.9417637271214643,0.9005568814638027,0.8960388788638654,0.0062541961669921875
71,113,rfe,10,0.8723163841807909,0.8885350318471338,0.9284525790349417,0.9080553295362083,0.9160612594033419,0.003973960876464844
71,113,rfecv,31,0.8779661016949153,0.8906497622820919,0.9351081530782029,0.9123376623376623,0.9207541421574372,0.008915901184082031
71,113,l1,24,0.8745762711864407,0.886435331230284,0.9351081530782029,0.9101214574898785,0.9208361650769843,0.0066068172454833984
71,113,rf_topk,10,0.8655367231638418,0.8640483383685801,0.9517470881863561,0.9057798891528107,0.8943134681633895,0.004244804382324219
71,113,rf_median,18,0.8745762711864407,0.8780864197530864,0.9467554076539102,0.911128903122498,0.9090307234421503,0.0057659149169921875
72,114,baseline,36,0.8745762711864407,0.8689759036144579,0.9600665557404326,0.9122529644268774,0.9088139485833471,0.05432295799255371
72,114,variance_threshold,36,0.8745762711864407,0.8689759036144579,0.9600665557404326,0.9122529644268774,0.9088139485833471,0.05527901649475098
72,114,chi2,10,0.8440677966101695,0.8545176110260337,0.9284525790349417,0.8899521531100478,0.8782135408122612,0.003916025161743164
72,114,mutual_info,10,0.8666666666666667,0.8588410104011887,0.961730449251248,0.9073783359497645,0.8915627709685735,0.006042957305908203
72,114,rfe,10,0.864406779661017,0.8660578386605784,0.9467554076539102,0.904610492845787,0.9033799301633427,0.0036809444427490234
72,114,rfecv,31,0.8734463276836159,0.8687782805429864,0.9584026622296173,0.9113924050632911,0.9085678798247052,0.008012056350708008
72,114,l1,26,0.8734463276836159,0.8676691729323308,0.9600665557404326,0.9115323854660348,0.9088959715028943,0.00713801383972168
72,114,rf_topk,10,0.8610169491525423,0.8525073746312685,0.961730449251248,0.9038311180609852,0.87678985728012,0.004395723342895508
72,114,rf_median,18,0.8734463276836159,0.8643815201192251,0.9650582362728786,0.9119496855345912,0.8931592885097607,0.005724191665649414
73,115,baseline,36,0.8745762711864407,0.8780864197530864,0.9467554076539102,0.911128903122498,0.9190785310866865,0.056154727935791016
73,115,variance_threshold,36,0.8745762711864407,0.8780864197530864,0.9467554076539102,0.911128903122498,0.9190785310866865,0.05671215057373047
73,115,chi2,10,0.8576271186440678,0.8670788253477589,0.9334442595673876,0.8990384615384616,0.8974625623960067,0.0037500858306884766
73,115,mutual_info,10,0.8711864406779661,0.8810641627543035,0.9367720465890182,0.9080645161290323,0.8984585549905089,0.006421089172363281
73,115,rfe,10,0.8757062146892656,0.8829953198127926,0.9417637271214643,0.9114331723027376,0.9080757423074219,0.003705263137817383
73,115,rfecv,32,0.8745762711864407,0.8792569659442725,0.9450915141430949,0.9109863672814755,0.9177017177942864,0.009605169296264648
73,115,l1,25,0.8790960451977401,0.88,0.9517470881863561,0.9144684252597922,0.9187152867286916,0.007208824157714844
73,115,rf_topk,10,0.8711864406779661,0.8650674662668666,0.9600665557404326,0.9100946372239748,0.8976529727449556,0.004575014114379883
73,115,rf_median,18,0.8858757062146893,0.8869969040247678,0.9534109816971714,0.9190056134723336,0.9089311241827002,0.00600123405456543
74,116,baseline,36,0.8666666666666667,0.8755832037325039,0.9367720465890182,0.905144694533762,0.9125459914227461,0.05706214904785156
74,116,variance_threshold,36,0.8666666666666667,0.8755832037325039,0.9367720465890182,0.905144694533762,0.9125459914227461,0.056967735290527344
74,116,chi2,10,0.8418079096045198,0.8618524332810047,0.913477537437604,0.8869143780290791,0.8901859576761735,0.0039708614349365234
74,116,mutual_info,10,0.8576271186440678,0.8603945371775418,0.9434276206322796,0.9,0.8928751376813293,0.006603717803955078
74,116,rfe,10,0.8564971751412429,0.8691588785046729,0.9284525790349417,0.8978278358809332,0.9055681844812636,0.00403285026550293
74,116,rfecv,32,0.8666666666666667,0.8767550702028081,0.9351081530782029,0.9049919484702094,0.9126983197019053,0.008822917938232422
74,116,l1,28,0.8689265536723164,0.8771384136858476,0.9384359400998337,0.9067524115755627,0.9126748845820346,0.0069730281829833984
74,116,rf_topk,10,0.8542372881355932,0.8522388059701492,0.9500831946755408,0.898505114083399,0.8930421129104075,0.004127979278564453
74,116,rf_median,18,0.8587570621468926,0.8672839506172839,0.9351081530782029,0.899919935948759,0.9030489090951699,0.005911111831665039
75,117,baseline,36,0.8757062146892656,0.8759571209800919,0.9517470881863561,0.9122807017543859,0.9080640247474865,0.048681020736694336
75,117,variance_threshold,36,0.8757062146892656,0.8759571209800919,0.9517470881863561,0.9122807017543859,0.9080640247474865,0.048227787017822266
75,117,chi2,10,0.8553672316384181,0.8621745788667687,0.9367720465890182,0.89792663476874,0.8890376368025124,0.003966331481933594
75,117,mutual_info,10,0.8610169491525423,0.8545994065281899,0.9584026622296173,0.9035294117647059,0.8854754985821752,0.0063669681549072266
75,117,rfe,10,0.8655367231638418,0.8719135802469136,0.940099833610649,0.9047237790232185,0.9030430503152024,0.0037827491760253906
75,117,rfecv,24,0.8689265536723164,0.8771384136858476,0.9384359400998337,0.9067524115755627,0.9036289283119683,0.007092952728271484
75,117,l1,24,0.8711864406779661,0.8763523956723338,0.9434276206322796,0.9086538461538461,0.9072379367720467,0.006481170654296875
75,117,rf_topk,10,0.8553672316384181,0.8472834067547724,0.9600665557404326,0.9001560062402496,0.8786529493098356,0.004312038421630859
75,117,rf_median,18,0.8700564971751412,0.8670694864048338,0.9550748752079867,0.9089469517022961,0.8973717513065079,0.005772113800048828
76,118,baseline,36,0.8576271186440678,0.8637059724349158,0.9384359400998337,0.8995215311004785,0.8897729136884535,0.056989192962646484
76,118,variance_threshold,36,0.8576271186440678,0.8637059724349158,0.9384359400998337,0.8995215311004785,0.8897729136884535,0.05534791946411133
76,118,chi2,10,0.8350282485875706,0.8483920367534457,0.9217970049916805,0.8835725677830941,0.8709838063321694,0.003761768341064453
76,118,mutual_info,10,0.8372881355932204,0.8575899843505478,0.9118136439267887,0.8838709677419355,0.884652339996719,0.00668787956237793
76,118,rfe,10,0.8497175141242937,0.86,0.930116472545757,0.8936850519584333,0.8811634365259777,0.003773212432861328
76,118,rfecv,35,0.8531073446327684,0.8617511520737328,0.9334442595673876,0.8961661341853036,0.8880562911579293,0.009937047958374023
76,118,l1,28,0.8587570621468926,0.863914373088685,0.940099833610649,0.900398406374502,0.8915246888987838,0.007840871810913086
76,118,rf_topk,10,0.847457627118644,0.8406432748538012,0.956738768718802,0.8949416342412452,0.873315600759298,0.004292011260986328
76,118,rf_median,18,0.848587570621469,0.8511278195488722,0.9417637271214643,0.8941548183254344,0.8820510416910782,0.005825042724609375
77,119,baseline,36,0.8858757062146893,0.890625,0.9484193011647255,0.9186140209508461,0.9240877879590353,0.05341005325317383
77,119,variance_threshold,36,0.8858757062146893,0.890625,0.9484193011647255,0.9186140209508461,0.9240877879590353,0.05411362648010254
77,119,chi2,10,0.8429378531073446,0.8632075471698113,0.913477537437604,0.8876313662085691,0.8999320381523752,0.0037980079650878906
77,119,mutual_info,10,0.8564971751412429,0.8773885350318471,0.9168053244592346,0.8966639544344996,0.9069244920437768,0.0061261653900146484
77,119,rfe,10,0.8745762711864407,0.881619937694704,0.9417637271214643,0.910699919549477,0.9193480349651989,0.003976106643676758
77,119,rfecv,27,0.8847457627118644,0.8868217054263566,0.9517470881863561,0.9181380417335474,0.9237069672611375,0.007425785064697266
77,119,l1,27,0.8847457627118644,0.8868217054263566,0.9517470881863561,0.9181380417335474,0.9239120245600055,0.007594108581542969
77,119,rf_topk,10,0.8451977401129943,0.8717948717948718,0.9051580698835274,0.8881632653061224,0.9033359893135855,0.004236936569213867
77,119,rf_median,18,0.8768361581920904,0.8773006134969326,0.9517470881863561,0.9130087789305666,0.9175318131752244,0.005820035934448242
78,120,baseline,36,0.8666666666666667,0.8709677419354839,0.9434276206322796,0.9057507987220448,0.9180473858123785,0.05337405204772949
78,120,variance_threshold,36,0.8666666666666667,0.8709677419354839,0.9434276206322796,0.9057507987220448,0.9180473858123785,0.05336904525756836
78,120,chi2,10,0.8418079096045198,0.8529862174578867,0.9267886855241264,0.8883572567783095,0.88904349558248,0.0038301944732666016
78,120,mutual_info,10,0.8519774011299435,0.8517964071856288,0.9467554076539102,0.8967691095350669,0.9022374680696492,0.006503105163574219
78,120,rfe,10,0.8666666666666667,0.8767550702028081,0.9351081530782029,0.9049919484702094,0.9103577371048253,0.004119873046875
78,120,rfecv,30,0.8655367231638418,0.8730650154798761,0.9384359400998337,0.9045709703287891,0.9176255536547069,0.00903773307800293
78,120,l1,26,0.8666666666666667,0.8721109399075501,0.9417637271214643,0.9056,0.9160495418434065,0.007030963897705078
78,120,rf_topk,10,0.8553672316384181,0.8545727136431784,0.9484193011647255,0.8990536277602523,0.897477209345926,0.0039920806884765625
78,120,rf_median,18,0.8677966101694915,0.8711656441717791,0.9450915141430949,0.9066241021548284,0.9110227086311548,0.005964756011962891
79,121,baseline,36,0.8757062146892656,0.8829953198127926,0.9417637271214643,0.9114331723027376,0.9222129783693844,0.02732706069946289
79,121,variance_threshold,36,0.8757062146892656,0.8829953198127926,0.9417637271214643,0.9114331723027376,0.9222129783693844,0.02751612663269043
79,121,chi2,10,0.8655367231638418,0.8730650154798761,0.9384359400998337,0.9045709703287891,0.9019415996812825,0.003759145736694336
79,121,mutual_info,10,0.8689265536723164,0.886762360446571,0.9251247920133111,0.9055374592833876,0.8999642614421972,0.005778789520263672
79,121,rfe,10,0.880225988700565,0.8861154446177847,0.9450915141430949,0.9146537842190016,0.9176050479248201,0.0038878917694091797
79,121,rfecv,34,0.8757062146892656,0.8854003139717426,0.9384359400998337,0.9111470113085622,0.9220313561903869,0.008839845657348633
79,121,l1,26,0.8768361581920904,0.883177570093458,0.9434276206322796,0.912308930008045,0.9221602493496754,0.007982015609741211
79,121,rf_topk,10,0.8700564971751412,0.8626865671641791,0.961730449251248,0.9095200629425649,0.8996683930538304,0.004202842712402344
79,121,rf_median,18,0.8734463276836159,0.8767334360554699,0.9467554076539102,0.9104,0.9153464882472874,0.005725860595703125
80,122,baseline,36,0.8700564971751412,0.8820754716981132,0.9334442595673876,0.9070331447049312,0.923595650441752,0.03805088996887207
80,122,variance_threshold,36,0.8700564971751412,0.8820754716981132,0.9334442595673876,0.9070331447049312,0.923595650441752,0.03843092918395996
80,122,chi2,10,0.8519774011299435,0.8671875,0.9234608985024958,0.8944399677679291,0.8986431065594902,0.0035338401794433594
80,122,mutual_info,10,0.8553672316384181,0.8736176935229067,0.9201331114808652,0.8962722852512156,0.9014143094841931,0.006036043167114258
80,122,rfe,10,0.8576271186440678,0.8763866877971473,0.9201331114808652,0.8977272727272727,0.9123526516838134,0.003994941711425781
80,122,rfecv,31,0.8723163841807909,0.8836477987421384,0.9351081530782029,0.9086499595796281,0.9230917953645333,0.00892782211303711
80,122,l1,28,0.8666666666666667,0.8779342723004695,0.9334442595673876,0.9048387096774193,0.923373016802981,0.007935047149658203
80,122,rf_topk,10,0.8598870056497175,0.8586466165413534,0.9500831946755408,0.9020537124802528,0.8998851679126338,0.004324197769165039
80,122,rf_median,18,0.8655367231638418,0.8719135802469136,0.940099833610649,0.9047237790232185,0.9135537015771836,0.0058290958404541016
81,123,baseline,36,0.8666666666666667,0.8709677419354839,0.9434276206322796,0.9057507987220448,0.9214044667338473,0.0546259880065918
81,123,variance_threshold,36,0.8666666666666667,0.8709677419354839,0.9434276206322796,0.9057507987220448,0.9214044667338473,0.055500030517578125
81,123,chi2,10,0.847457627118644,0.853030303030303,0.9367720465890182,0.8929421094369548,0.8872360619624569,0.0038802623748779297
81,123,mutual_info,10,0.8553672316384181,0.8610687022900764,0.9384359400998337,0.8980891719745223,0.8943574090131471,0.006175994873046875
81,123,rfe,10,0.864406779661017,0.8660578386605784,0.9467554076539102,0.904610492845787,0.9181850671416183,0.0040018558502197266
81,123,rfecv,32,0.8666666666666667,0.8687022900763359,0.9467554076539102,0.9060509554140127,0.9218614515713247,0.00951385498046875
81,123,l1,28,0.8621468926553673,0.8667687595712098,0.9417637271214643,0.9027113237639554,0.9208068711771461,0.00751495361328125
81,123,rf_topk,10,0.8598870056497175,0.8512518409425626,0.961730449251248,0.903125,0.8930948419301165,0.0042951107025146484
81,123,rf_median,18,0.8689265536723164,0.8646616541353384,0.956738768718802,0.9083728278041074,0.9138642169154695,0.0059201717376708984
82,124,baseline,36,0.8903954802259887,0.8949843260188087,0.9500831946755408,0.9217110573042776,0.9302512244850132,0.05144786834716797
82,124,variance_threshold,36,0.8903954802259887,0.8949843260188087,0.9500831946755408,0.9217110573042776,0.9302512244850132,0.05131816864013672
82,124,chi2,10,0.8677966101694915,0.8817034700315457,0.930116472545757,0.9052631578947369,0.9035439760024373,0.0034911632537841797
82,124,mutual_info,10,0.8723163841807909,0.8742331288343558,0.9484193011647255,0.9098164405426975,0.9108322982822057,0.006428241729736328
82,124,rfe,10,0.8824858757062147,0.8925750394944708,0.940099833610649,0.9157212317666127,0.9220577207002415,0.0040400028228759766
82,124,rfecv,33,0.8926553672316384,0.9003164556962026,0.9467554076539102,0.9229521492295215,0.930081319865951,0.009707927703857422
82,124,l1,29,0.8926553672316384,0.896551724137931,0.9517470881863561,0.9233252623083131,0.9302102130252395,0.0077419281005859375
82,124,rf_topk,10,0.8768361581920904,0.8738601823708206,0.956738768718802,0.9134233518665608,0.9114269644489232,0.00410914421081543
82,124,rf_median,18,0.8870056497175142,0.890795631825273,0.9500831946755408,0.9194847020933977,0.9239940474795529,0.00592803955078125
83,125,baseline,36,0.8949152542372881,0.8860182370820668,0.9700499168053245,0.926131850675139,0.9248435705748634,0.06108689308166504
83,125,variance_threshold,36,0.8949152542372881,0.8860182370820668,0.9700499168053245,0.926131850675139,0.9248435705748634,0.05494523048400879
83,125,chi2,10,0.8587570621468926,0.8661538461538462,0.9367720465890182,0.9000799360511591,0.9049910946544493,0.0038220882415771484
83,125,mutual_info,10,0.8508474576271187,0.8613251155624037,0.930116472545757,0.8944,0.9063444728269785,0.005852937698364258
83,125,rfe,10,0.8813559322033898,0.8757575757575757,0.961730449251248,0.9167327517842981,0.9205959550983103,0.0037870407104492188
83,125,rfecv,28,0.8903954802259887,0.8818181818181818,0.9683860232945092,0.9230769230769231,0.9261500785076516,0.008522987365722656
83,125,l1,25,0.8915254237288136,0.8854961832061069,0.9650582362728786,0.9235668789808917,0.927849124698273,0.006823062896728516
83,125,rf_topk,10,0.8700564971751412,0.8563049853372434,0.9717138103161398,0.9103663289166017,0.9053514096224602,0.004266977310180664
83,125,rf_median,18,0.8734463276836159,0.8654708520179372,0.9633943427620633,0.9118110236220472,0.9180063743526048,0.005769968032836914
84,126,baseline,36,0.8632768361581921,0.8726708074534162,0.9351081530782029,0.9028112449799197,0.9055623257012959,0.04073500633239746
84,126,variance_threshold,36,0.8632768361581921,0.8726708074534162,0.9351081530782029,0.9028112449799197,0.9055623257012959,0.04229092597961426
84,126,chi2,10,0.8451977401129943,0.8625,0.9184692179700499,0.8896051571313457,0.8857303555107684,0.0037140846252441406
84,126,mutual_info,10,0.8497175141242937,0.8524096385542169,0.9417637271214643,0.8948616600790514,0.885428628342434,0.00615692138671875
84,126,rfe,10,0.8542372881355932,0.8710691823899371,0.9217970049916805,0.8957154405820533,0.8961941365330084,0.0036020278930664062
84,126,rfecv,26,0.8576271186440678,0.8693623639191291,0.930116472545757,0.8987138263665595,0.9039921726699631,0.007459878921508789
84,126,l1,28,0.8621468926553673,0.8724727838258165,0.9334442595673876,0.9019292604501608,0.905562325701296,0.007910013198852539
84,126,rf_topk,10,0.8463276836158192,0.8506787330316742,0.9384359400998337,0.8924050632911392,0.883586042042605,0.004312276840209961
84,126,rf_median,18,0.8598870056497175,0.863013698630137,0.9434276206322796,0.9014308426073132,0.8902357573058985,0.005816936492919922
85,127,baseline,36,0.8937853107344633,0.8894009216589862,0.9633943427620633,0.9249201277955271,0.9237714138407818,0.06087517738342285
85,127,variance_threshold,36,0.8937853107344633,0.8894009216589862,0.9633943427620633,0.9249201277955271,0.9237714138407818,0.060665130615234375
85,127,chi2,10,0.8632768361581921,0.8680981595092024,0.9417637271214643,0.9034317637669593,0.8971579058376884,0.0038461685180664062
85,127,mutual_info,10,0.8700564971751412,0.8796875,0.9367720465890182,0.9073327961321515,0.9052107989032363,0.0059680938720703125
85,127,rfe,10,0.8790960451977401,0.88,0.9517470881863561,0.9144684252597922,0.9202444283002508,0.0039038658142089844
85,127,rfecv,29,0.8949152542372881,0.8907692307692308,0.9633943427620633,0.9256594724220624,0.9245330552365775,0.008851051330566406
85,127,l1,29,0.8937853107344633,0.888208269525268,0.9650582362728786,0.9250398724082934,0.9240877879590355,0.007776021957397461
85,127,rf_topk,10,0.8779661016949153,0.8684603886397608,0.9667221297836939,0.9149606299212598,0.8990004921375172,0.00403594970703125
85,127,rf_median,18,0.8892655367231639,0.8804841149773072,0.9683860232945092,0.9223454833597464,0.9216915469522626,0.005897045135498047
86,128,baseline,36,0.8790960451977401,0.8788343558282209,0.9534109816971714,0.9146049481245012,0.9186918516088209,0.05879330635070801
86,128,variance_threshold,36,0.8790960451977401,0.8788343558282209,0.9534109816971714,0.9146049481245012,0.9186918516088209,0.058753013610839844
86,128,chi2,10,0.8361581920903954,0.8551401869158879,0.913477537437604,0.8833467417538214,0.9028057697265122,0.0035219192504882812
86,128,mutual_info,10,0.8610169491525423,0.8577844311377245,0.9534109816971714,0.9030732860520094,0.9070973260528228,0.006371974945068359
86,128,rfe,10,0.8610169491525423,0.8757861635220126,0.9267886855241264,0.9005658852061439,0.9181704201916993,0.0037758350372314453
86,128,rfecv,28,0.8790960451977401,0.8823529411764706,0.9484193011647255,0.9141940657578188,0.9221133791099342,0.008706808090209961
86,128,l1,25,0.8813559322033898,0.8815384615384615,0.9534109816971714,0.9160671462829736,0.9226172341871529,0.007615089416503906
86,128,rf_topk,10,0.8542372881355932,0.8511904761904762,0.9517470881863561,0.8986645718774549,0.9036933748916126,0.003982067108154297
86,128,rf_median,18,0.8768361581920904,0.8738601823708206,0.956738768718802,0.9134233518665608,0.9094818494996603,0.005789041519165039
87,129,baseline,36,0.8858757062146893,0.890625,0.9484193011647255,0.9186140209508461,0.9202854397600244,0.055651187896728516
87,129,variance_threshold,36,0.8858757062146893,0.890625,0.9484193011647255,0.9186140209508461,0.9202854397600244,0.05640077590942383
87,129,chi2,10,0.8463276836158192,0.8582434514637904,0.9267886855241264,0.8912,0.9021818096599563,0.0035331249237060547
87,129,mutual_info,10,0.8587570621468926,0.8628048780487805,0.9417637271214643,0.9005568814638027,0.904475522017295,0.006384849548339844
87,129,rfe,10,0.8677966101694915,0.8817034700315457,0.930116472545757,0.9052631578947369,0.9167203721497036,0.0038840770721435547
87,129,rfecv,21,0.8757062146892656,0.8841940532081377,0.940099833610649,0.9112903225806451,0.9189203440275596,0.006796121597290039
87,129,l1,27,0.8779661016949153,0.8857589984350548,0.9417637271214643,0.9129032258064517,0.9202620046401537,0.0071370601654052734
87,129,rf_topk,10,0.8384180790960452,0.861198738170347,0.908485856905158,0.8842105263157894,0.8974947856858287,0.004070758819580078
87,129,rf_median,18,0.8723163841807909,0.8753846153846154,0.9467554076539102,0.9096722621902478,0.921187691875044,0.005908966064453125
88,130,baseline,36,0.8779661016949153,0.8881889763779528,0.9384359400998337,0.912621359223301,0.9217325584120363,0.049803733825683594
88,130,variance_threshold,36,0.8779661016949153,0.8881889763779528,0.9384359400998337,0.912621359223301,0.9217325584120363,0.04915785789489746
88,130,chi2,10,0.8508474576271187,0.86697965571205,0.9217970049916805,0.8935483870967742,0.889901806847742,0.003557920455932617
88,130,mutual_info,10,0.8553672316384181,0.8784,0.913477537437604,0.8955954323001631,0.8982242037918025,0.00618290901184082
88,130,rfe,10,0.8666666666666667,0.8815165876777251,0.9284525790349417,0.9043760129659644,0.9181206205619743,0.0039522647857666016
88,130,rfecv,31,0.8790960451977401,0.893312101910828,0.9334442595673876,0.9129373474369405,0.9214571957535564,0.008508920669555664
88,130,l1,31,0.880225988700565,0.8909952606635071,0.9384359400998337,0.9141004862236629,0.9215860889128449,0.008962869644165039
88,130,rf_topk,10,0.8610169491525423,0.8665644171779141,0.940099833610649,0.9018355945730248,0.90415035972909,0.004067897796630859
88,130,rf_median,18,0.8745762711864407,0.8852201257861635,0.9367720465890182,0.910266774454325,0.915973377703827,0.005850315093994141
89,131,baseline,36,0.8723163841807909,0.8685800604229608,0.956738768718802,0.9105304829770388,0.9050350355042066,0.04697227478027344
89,131,variance_threshold,36,0.8723163841807909,0.8685800604229608,0.956738768718802,0.9105304829770388,0.9050350355042066,0.047116994857788086
89,131,chi2,10,0.8451977401129943,0.8452380952380952,0.9450915141430949,0.8923802042419482,0.8770329966487779,0.003938913345336914
89,131,mutual_info,10,0.8497175141242937,0.8441176470588235,0.9550748752079867,0.8961748633879781,0.8830235991657097,0.0071201324462890625
89,131,rfe,10,0.8610169491525423,0.8632218844984803,0.9450915141430949,0.9023034154090548,0.8997211220735395,0.0038640499114990234
89,131,rfecv,36,0.8723163841807909,0.8685800604229608,0.956738768718802,0.9105304829770388,0.9050584706240772,0.010967016220092773
89,131,l1,26,0.8711864406779661,0.8683812405446294,0.9550748752079867,0.9096671949286846,0.9056502074008108,0.0072231292724609375
89,131,rf_topk,10,0.848587570621469,0.8408759124087591,0.9584026622296173,0.895800933125972,0.8837032176419582,0.004221916198730469
89,131,rf_median,18,0.8632768361581921,0.8560830860534124,0.9600665557404326,0.9050980392156863,0.8997972862131189,0.0057430267333984375
